3,,,4,,,5,,,6,,,7,,,8,,
0,0,0,0,0,0,0,0,0,0,0,0,0,0,0,0,0,0
500,0.2555333333,0.25,500,0.1970666667,0.1845,500,0.1710666667,0.1645,500,0.1454,0.145,500,0.126,0.1295,500,0.1107333333,0.105
1000,0.2573333333,0.25,1000,0.2022,0.1985,1000,0.1725333333,0.163,1000,0.1426666667,0.149,1000,0.1221333333,0.12,1000,0.1217333333,0.1165
1500,0.2532666667,0.2365,1500,0.2126666667,0.2005,1500,0.1719333333,0.1665,1500,0.1378,0.15,1500,0.1254,0.128,1500,0.1154666667,0.1155
2000,0.2504,0.2415,2000,0.2070666667,0.218,2000,0.1730666667,0.168,2000,0.1435333333,0.1295,2000,0.1264,0.1235,2000,0.1132,0.1145
2500,0.258,0.25,2500,0.2158666667,0.2025,2500,0.1642,0.1835,2500,0.1453333333,0.1305,2500,0.1402,0.114,2500,0.1245333333,0.1145
3000,0.297,0.261,3000,0.2278,0.202,3000,0.1707333333,0.163,3000,0.1510666667,0.144,3000,0.1705333333,0.129,3000,0.1286666667,0.1025
3500,0.4866666667,0.4475,3500,0.2199333333,0.205,3500,0.1714666667,0.1615,3500,0.1533333333,0.15,3500,0.1774666667,0.12,3500,0.1111333333,0.1005
4000,0.5084666667,0.4895,4000,0.2359333333,0.175,4000,0.1854666667,0.1805,4000,0.1844666667,0.149,4000,0.2748,0.235,4000,0.1515333333,0.1085
4500,0.5244,0.4965,4500,0.247,0.1845,4500,0.2161333333,0.158,4500,0.1976,0.126,4500,0.3133333333,0.2415,4500,0.1589333333,0.119
5000,0.5486666667,0.487,5000,0.2473333333,0.195,5000,0.2361333333,0.1595,5000,0.1821333333,0.149,5000,0.3150666667,0.2505,5000,0.1601333333,0.1025
5500,0.5275333333,0.466,5500,0.2530666667,0.1685,5500,0.2376,0.1585,5500,0.2074,0.124,5500,0.3268666667,0.244,5500,0.1612666667,0.11
6000,0.9304666667,0.899,6000,0.2516,0.183,6000,0.3983333333,0.319,6000,0.1574666667,0.149,6000,0.3343333333,0.2585,6000,0.1822,0.103
6500,1,1,6500,0.2670666667,0.1785,6500,0.4080666667,0.328,6500,0.1916666667,0.1485,6500,0.3108666667,0.243,6500,0.1945333333,0.1
7000,1,1,7000,0.2416666667,0.202,7000,0.416,0.3265,7000,0.2099333333,0.126,7000,0.3501333333,0.249,7000,0.1809333333,0.0915
7500,1,1,7500,0.2790666667,0.1695,7500,0.4238666667,0.313,7500,0.2244,0.1305,7500,0.3417333333,0.2395,7500,0.1722666667,0.106
8000,1,1,8000,0.4016666667,0.309,8000,0.4194666667,0.3295,8000,0.2134666667,0.129,8000,0.3320666667,0.2365,8000,0.2136,0.0995
,,,8500,0.9568,0.9435,8500,0.413,0.3145,8500,0.2079333333,0.1325,8500,0.3502,0.243,8500,0.1994,0.098
,,,9000,0.996,0.9945,9000,0.4233333333,0.3295,9000,0.2298666667,0.1335,9000,0.3184,0.255,9000,0.2067333333,0.099
,,,9500,0.9892666667,0.9855,9500,0.4257333333,0.318,9500,0.2429333333,0.123,9500,0.3562,0.235,9500,0.2244,0.098
,,,10000,0.9811333333,0.9795,10000,0.4244666667,0.332,10000,0.2402666667,0.13,10000,0.3594666667,0.2435,10000,0.2628,0.0995
,,,,,,10500,0.4247333333,0.307,10500,0.2294666667,0.132,10500,0.3509333333,0.2375,10500,0.2894666667,0.1065
,,,,,,11000,0.3843333333,0.3355,11000,0.2688666667,0.1315,11000,0.3655333333,0.2515,11000,0.3873333333,0.212
,,,,,,11500,0.4096666667,0.3345,11500,0.2780666667,0.1565,11500,0.373,0.245,11500,0.672,0.545
,,,,,,12000,0.4255333333,0.302,12000,0.7306,0.6645,12000,0.3602,0.241,12000,0.9024666667,0.8435
,,,,,,12500,0.4563333333,0.3245,12500,0.9236666667,0.8995,12500,0.3724666667,0.2415,12500,0.9198,0.8575
,,,,,,13000,0.4488666667,0.3255,13000,0.9462666667,0.9365,13000,0.3896,0.239,13000,0.9405333333,0.886
,,,,,,13500,0.4370666667,0.3155,13500,0.9778,0.9675,13500,0.3794666667,0.2515,13500,0.9718666667,0.9345
,,,,,,14000,0.4634666667,0.325,14000,0.9932666667,0.9875,14000,0.385,0.2505,14000,0.9527333333,0.9165
,,,,,,14500,0.4373333333,0.3025,14500,0.9953333333,0.991,14500,0.4265333333,0.249,14500,0.9760666667,0.935
,,,,,,15000,0.4577333333,0.319,15000,0.9992666667,0.998,15000,0.4332,0.2345,15000,0.9944,0.974
,,,,,,15500,0.4762666667,0.308,15500,0.9832,0.9785,15500,0.4524,0.244,15500,0.9668,0.944
,,,,,,16000,0.4762666667,0.315,16000,0.9879333333,0.9835,16000,0.5104,0.231,16000,0.9608,0.9225
,,,,,,16500,0.4869333333,0.3195,,,,16500,0.5419333333,0.2155,16500,0.9456,0.906
,,,,,,17000,0.4651333333,0.3305,,,,17000,0.5704666667,0.235,17000,0.8978,0.858
,,,,,,17500,0.5132,0.311,,,,17500,0.6458666667,0.2285,17500,0.9777333333,0.952
,,,,,,18000,0.537,0.3005,,,,18000,0.7192,0.2265,18000,0.9984,0.983
,,,,,,18500,0.5440666667,0.288,,,,18500,0.7856,0.2205,,,
,,,,,,19000,0.5578,0.3005,,,,19000,0.8382,0.2305,,,
,,,,,,19500,0.5771333333,0.3005,,,,19500,0.8994,0.2255,,,
,,,,,,20000,0.6108666667,0.3165,,,,20000,0.9312666667,0.225,,,
,,,,,,20500,0.6454666667,0.3305,,,,20500,0.9530666667,0.2245,,,
,,,,,,21000,0.7306,0.4305,,,,21000,0.9846666667,0.2385,,,
,,,,,,21500,0.9491333333,0.8675,,,,21500,0.9833333333,0.2295,,,
,,,,,,22000,0.9707333333,0.938,,,,22000,0.9809333333,0.2435,,,
,,,,,,22500,0.9965333333,0.987,,,,22500,0.9681333333,0.245,,,
,,,,,,23000,0.9801333333,0.97,,,,23000,0.9965333333,0.2435,,,
,,,,,,23500,0.9878,0.9845,,,,23500,0.995,0.2375,,,
,,,,,,24000,0.9996666667,0.9985,,,,24000,0.9546666667,0.2405,,,
,,,,,,,,,,,,24500,0.9885333333,0.2435,,,
,,,,,,,,,,,,25000,0.9986,0.244,,,
,,,,,,,,,,,,25500,0.9990666667,0.2445,,,
,,,,,,,,,,,,26000,0.9991333333,0.2435,,,
,,,,,,,,,,,,26500,0.9603333333,0.256,,,
,,,,,,,,,,,,27000,0.9984,0.26,,,
,,,,,,,,,,,,27500,0.9986666667,0.2595,,,
,,,,,,,,,,,,28000,0.9991333333,0.2635,,,
,,,,,,,,,,,,28500,0.9524,0.256,,,
,,,,,,,,,,,,29000,0.998,0.2635,,,
,,,,,,,,,,,,29500,0.9999333333,0.255,,,
,,,,,,,,,,,,30000,1,0.2515,,,
