mr,seed,step,train_acc,eval_acc,source
3,4,500,0.279,0.2415,jsonl
3,4,1000,0.48,0.4345,jsonl
3,4,1500,0.714,0.6755,jsonl
3,4,2000,0.994,0.9955,jsonl
3,4,2500,1.0,1.0,jsonl
3,4,3000,1.0,1.0,jsonl
3,4,3500,1.0,1.0,jsonl
3,4,4000,1.0,1.0,jsonl
3,4,4500,1.0,1.0,jsonl
3,4,5000,1.0,1.0,jsonl
3,4,5500,1.0,1.0,jsonl
3,4,6000,1.0,1.0,jsonl
3,4,6500,1.0,1.0,jsonl
3,4,7000,1.0,1.0,jsonl
3,4,7500,1.0,1.0,jsonl
3,4,8000,1.0,1.0,jsonl
3,4,8500,1.0,1.0,jsonl
3,4,9000,1.0,1.0,jsonl
3,4,9500,1.0,1.0,jsonl
3,4,10000,1.0,1.0,jsonl
3,4,10500,1.0,1.0,jsonl
3,4,11000,1.0,1.0,jsonl
3,4,11500,1.0,1.0,jsonl
3,4,12000,1.0,1.0,jsonl
3,4,12500,1.0,1.0,jsonl
3,4,13000,1.0,1.0,jsonl
3,4,13500,1.0,1.0,jsonl
3,4,14000,1.0,1.0,jsonl
3,4,14500,1.0,1.0,jsonl
3,4,15000,1.0,1.0,jsonl
3,4,15500,1.0,1.0,jsonl
3,4,16000,1.0,1.0,jsonl
3,4,16500,1.0,1.0,jsonl
3,4,17000,1.0,1.0,jsonl
3,4,17500,1.0,1.0,jsonl
3,4,18000,1.0,1.0,jsonl
3,4,18500,1.0,1.0,jsonl
3,4,19000,1.0,1.0,jsonl
3,4,19500,1.0,1.0,jsonl
3,4,20000,1.0,1.0,jsonl
3,4,20500,1.0,1.0,jsonl
3,4,21000,1.0,1.0,jsonl
3,4,21500,1.0,1.0,jsonl
3,4,22000,1.0,1.0,jsonl
3,4,22500,1.0,1.0,jsonl
3,4,23000,1.0,1.0,jsonl
3,4,23500,1.0,1.0,jsonl
3,4,24000,1.0,1.0,jsonl
3,4,24500,1.0,1.0,jsonl
3,4,25000,1.0,1.0,jsonl
3,4,25500,1.0,1.0,jsonl
3,4,26000,1.0,1.0,jsonl
3,4,26500,1.0,1.0,jsonl
3,4,27000,1.0,1.0,jsonl
3,4,27500,1.0,1.0,jsonl
3,4,28000,1.0,1.0,jsonl
3,4,28500,1.0,1.0,jsonl
3,4,29000,1.0,1.0,jsonl
3,4,29500,1.0,1.0,jsonl
3,4,30000,1.0,1.0,jsonl
3,4,30500,1.0,1.0,jsonl
3,4,31000,1.0,1.0,jsonl
3,4,31500,1.0,1.0,jsonl
3,4,32000,1.0,1.0,jsonl
3,4,32500,1.0,1.0,jsonl
3,4,33000,1.0,1.0,jsonl
3,4,33500,1.0,1.0,jsonl
3,4,34000,1.0,1.0,jsonl
3,4,34500,1.0,1.0,jsonl
3,4,35000,1.0,1.0,jsonl
3,4,35500,1.0,1.0,jsonl
3,4,36000,1.0,1.0,jsonl
3,4,36500,1.0,1.0,jsonl
3,4,37000,1.0,1.0,jsonl
3,4,37500,1.0,1.0,jsonl
3,4,38000,1.0,1.0,jsonl
3,4,38500,1.0,1.0,jsonl
3,4,39000,1.0,1.0,jsonl
3,4,39500,1.0,1.0,jsonl
3,4,40000,1.0,1.0,jsonl
3,4,40500,1.0,1.0,jsonl
3,4,41000,1.0,1.0,jsonl
3,4,41500,1.0,1.0,jsonl
3,4,42000,1.0,1.0,jsonl
3,4,42500,1.0,1.0,jsonl
3,4,43000,1.0,1.0,jsonl
3,4,43500,1.0,1.0,jsonl
3,4,44000,1.0,1.0,jsonl
3,4,44500,1.0,1.0,jsonl
3,4,45000,1.0,1.0,jsonl
3,4,45500,1.0,1.0,jsonl
3,4,46000,1.0,1.0,jsonl
3,4,46500,1.0,1.0,jsonl
3,4,47000,1.0,1.0,jsonl
3,4,47500,1.0,1.0,jsonl
3,4,48000,1.0,1.0,jsonl
3,4,48500,1.0,1.0,jsonl
3,4,49000,1.0,1.0,jsonl
3,4,49500,1.0,1.0,jsonl
3,4,50000,1.0,1.0,jsonl
3,4,50500,1.0,1.0,jsonl
3,4,51000,1.0,1.0,jsonl
3,4,51500,1.0,1.0,jsonl
3,4,52000,1.0,1.0,jsonl
3,4,52500,1.0,1.0,jsonl
3,4,53000,1.0,1.0,jsonl
3,4,53500,1.0,1.0,jsonl
3,4,54000,1.0,1.0,jsonl
3,4,54500,1.0,1.0,jsonl
3,4,55000,1.0,1.0,jsonl
3,4,55500,1.0,1.0,jsonl
3,4,56000,1.0,1.0,jsonl
3,4,56500,1.0,1.0,jsonl
3,4,57000,1.0,1.0,jsonl
3,4,57500,1.0,1.0,jsonl
3,4,58000,1.0,1.0,jsonl
3,4,58500,1.0,1.0,jsonl
3,4,59000,1.0,1.0,jsonl
3,4,59500,1.0,1.0,jsonl
3,4,60000,1.0,1.0,jsonl
3,4,60500,1.0,1.0,jsonl
3,4,61000,1.0,1.0,jsonl
3,4,61500,1.0,1.0,jsonl
3,4,62000,1.0,1.0,jsonl
3,4,62500,1.0,1.0,jsonl
3,4,63000,1.0,1.0,jsonl
3,4,63500,1.0,1.0,jsonl
3,4,64000,1.0,1.0,jsonl
3,4,64500,1.0,1.0,jsonl
3,4,65000,1.0,1.0,jsonl
3,4,65500,1.0,1.0,jsonl
3,4,66000,1.0,1.0,jsonl
3,4,66500,1.0,1.0,jsonl
3,4,67000,1.0,1.0,jsonl
3,4,67500,1.0,1.0,jsonl
3,4,68000,1.0,1.0,jsonl
3,4,68500,1.0,1.0,jsonl
3,4,69000,1.0,1.0,jsonl
3,4,69500,1.0,1.0,jsonl
3,4,70000,1.0,1.0,jsonl
3,4,70500,1.0,1.0,jsonl
3,5,500,0.238,0.24,jsonl
3,5,1000,0.488,0.4865,jsonl
3,5,1500,0.952,0.9245,jsonl
3,5,2000,1.0,1.0,jsonl
3,5,2500,1.0,1.0,jsonl
3,5,3000,1.0,1.0,jsonl
3,5,3500,1.0,1.0,jsonl
3,5,4000,1.0,1.0,jsonl
3,5,4500,1.0,1.0,jsonl
3,5,5000,1.0,1.0,jsonl
3,5,5500,1.0,1.0,jsonl
3,5,6000,1.0,1.0,jsonl
3,5,6500,1.0,1.0,jsonl
3,5,7000,1.0,1.0,jsonl
3,5,7500,1.0,1.0,jsonl
3,5,8000,1.0,1.0,jsonl
3,5,8500,1.0,1.0,jsonl
3,5,9000,1.0,1.0,jsonl
3,5,9500,1.0,1.0,jsonl
3,5,10000,1.0,1.0,jsonl
3,5,10500,1.0,1.0,jsonl
3,5,11000,1.0,1.0,jsonl
3,5,11500,1.0,1.0,jsonl
3,5,12000,1.0,1.0,jsonl
3,5,12500,1.0,1.0,jsonl
3,5,13000,1.0,1.0,jsonl
3,5,13500,1.0,1.0,jsonl
3,5,14000,1.0,1.0,jsonl
3,5,14500,1.0,1.0,jsonl
3,5,15000,1.0,1.0,jsonl
3,5,15500,1.0,1.0,jsonl
3,5,16000,1.0,1.0,jsonl
3,5,16500,1.0,1.0,jsonl
3,5,17000,1.0,1.0,jsonl
3,5,17500,1.0,1.0,jsonl
3,5,18000,1.0,1.0,jsonl
3,5,18500,1.0,1.0,jsonl
3,5,19000,1.0,1.0,jsonl
3,5,19500,1.0,1.0,jsonl
3,5,20000,1.0,1.0,jsonl
3,5,20500,1.0,1.0,jsonl
3,5,21000,1.0,1.0,jsonl
3,5,21500,1.0,1.0,jsonl
3,5,22000,1.0,1.0,jsonl
3,5,22500,1.0,1.0,jsonl
3,5,23000,1.0,1.0,jsonl
3,5,23500,1.0,1.0,jsonl
3,5,24000,1.0,1.0,jsonl
3,5,24500,1.0,1.0,jsonl
3,5,25000,1.0,1.0,jsonl
3,5,25500,1.0,1.0,jsonl
3,5,26000,1.0,1.0,jsonl
3,5,26500,1.0,1.0,jsonl
3,5,27000,1.0,1.0,jsonl
3,5,27500,1.0,1.0,jsonl
3,5,28000,1.0,1.0,jsonl
3,5,28500,1.0,1.0,jsonl
3,5,29000,1.0,1.0,jsonl
3,5,29500,1.0,1.0,jsonl
3,5,30000,1.0,1.0,jsonl
3,5,30500,1.0,1.0,jsonl
3,5,31000,1.0,1.0,jsonl
3,5,31500,1.0,1.0,jsonl
3,5,32000,1.0,1.0,jsonl
3,5,32500,1.0,1.0,jsonl
3,5,33000,1.0,1.0,jsonl
3,5,33500,1.0,1.0,jsonl
3,5,34000,1.0,1.0,jsonl
3,5,34500,1.0,1.0,jsonl
3,5,35000,1.0,1.0,jsonl
3,5,35500,1.0,1.0,jsonl
3,5,36000,1.0,1.0,jsonl
3,5,36500,1.0,1.0,jsonl
3,5,37000,1.0,1.0,jsonl
3,5,37500,1.0,1.0,jsonl
3,5,38000,1.0,1.0,jsonl
3,5,38500,1.0,1.0,jsonl
3,5,39000,1.0,1.0,jsonl
3,5,39500,1.0,1.0,jsonl
3,5,40000,1.0,1.0,jsonl
3,5,40500,1.0,1.0,jsonl
3,5,41000,1.0,1.0,jsonl
3,5,41500,1.0,1.0,jsonl
3,5,42000,1.0,1.0,jsonl
3,5,42500,1.0,1.0,jsonl
3,5,43000,1.0,1.0,jsonl
3,5,43500,1.0,1.0,jsonl
3,5,44000,1.0,1.0,jsonl
3,5,44500,1.0,1.0,jsonl
3,5,45000,1.0,1.0,jsonl
3,5,45500,1.0,1.0,jsonl
3,5,46000,1.0,1.0,jsonl
3,5,46500,1.0,1.0,jsonl
3,5,47000,1.0,1.0,jsonl
3,5,47500,1.0,1.0,jsonl
3,5,48000,1.0,1.0,jsonl
3,5,48500,1.0,1.0,jsonl
3,5,49000,1.0,1.0,jsonl
3,5,49500,1.0,1.0,jsonl
3,5,50000,1.0,1.0,jsonl
3,5,50500,1.0,1.0,jsonl
3,5,51000,1.0,1.0,jsonl
3,5,51500,1.0,1.0,jsonl
3,5,52000,1.0,1.0,jsonl
3,5,52500,1.0,1.0,jsonl
3,5,53000,1.0,1.0,jsonl
3,5,53500,1.0,1.0,jsonl
3,5,54000,1.0,1.0,jsonl
3,5,54500,1.0,1.0,jsonl
3,5,55000,1.0,1.0,jsonl
3,5,55500,1.0,1.0,jsonl
3,5,56000,1.0,1.0,jsonl
3,5,56500,1.0,1.0,jsonl
3,5,57000,1.0,1.0,jsonl
3,5,57500,1.0,1.0,jsonl
3,5,58000,1.0,1.0,jsonl
3,5,58500,1.0,1.0,jsonl
3,5,59000,1.0,1.0,jsonl
3,5,59500,1.0,1.0,jsonl
3,5,60000,1.0,1.0,jsonl
3,5,60500,1.0,1.0,jsonl
3,5,61000,1.0,1.0,jsonl
3,5,61500,1.0,1.0,jsonl
3,5,62000,1.0,1.0,jsonl
3,5,62500,1.0,1.0,jsonl
3,5,63000,1.0,1.0,jsonl
3,5,63500,1.0,1.0,jsonl
3,5,64000,1.0,1.0,jsonl
3,5,64500,1.0,1.0,jsonl
3,5,65000,1.0,1.0,jsonl
3,5,65500,1.0,1.0,jsonl
3,5,66000,1.0,1.0,jsonl
3,5,66500,1.0,1.0,jsonl
3,5,67000,1.0,1.0,jsonl
3,5,67500,1.0,1.0,jsonl
3,5,68000,1.0,1.0,jsonl
3,5,68500,1.0,1.0,jsonl
3,5,69000,1.0,1.0,jsonl
3,5,69500,1.0,1.0,jsonl
3,5,70000,1.0,1.0,jsonl
3,5,70500,1.0,1.0,jsonl
3,42,0,0.0,0.0,csv
3,42,250,,0.2645,csv
3,42,500,,0.243,csv
3,42,750,,0.3025,csv
3,42,1000,0.5360666667,0.512,csv
3,42,1250,,0.544,csv
3,42,1500,,0.8275,csv
3,42,1750,,0.981,csv
3,42,2000,1.0,1.0,csv
3,42,2250,,1.0,csv
3,42,2500,,1.0,csv
3,42,2750,,1.0,csv
3,42,3000,1.0,1.0,csv
3,42,3500,1.0,1.0,csv_fill
3,42,4000,1.0,1.0,csv_fill
3,42,4500,1.0,1.0,csv_fill
3,42,5000,1.0,1.0,csv_fill
3,42,5500,1.0,1.0,csv_fill
3,42,6000,1.0,1.0,csv_fill
3,42,6500,1.0,1.0,csv_fill
3,42,7000,1.0,1.0,csv_fill
3,42,7500,1.0,1.0,csv_fill
3,42,8000,1.0,1.0,csv_fill
3,42,8500,1.0,1.0,csv_fill
3,42,9000,1.0,1.0,csv_fill
3,42,9500,1.0,1.0,csv_fill
3,42,10000,1.0,1.0,csv_fill
3,42,10500,1.0,1.0,csv_fill
3,42,11000,1.0,1.0,csv_fill
3,42,11500,1.0,1.0,csv_fill
3,42,12000,1.0,1.0,csv_fill
3,42,12500,1.0,1.0,csv_fill
3,42,13000,1.0,1.0,csv_fill
3,42,13500,1.0,1.0,csv_fill
3,42,14000,1.0,1.0,csv_fill
3,42,14500,1.0,1.0,csv_fill
3,42,15000,1.0,1.0,csv_fill
3,42,15500,1.0,1.0,csv_fill
3,42,16000,1.0,1.0,csv_fill
3,42,16500,1.0,1.0,csv_fill
3,42,17000,1.0,1.0,csv_fill
3,42,17500,1.0,1.0,csv_fill
3,42,18000,1.0,1.0,csv_fill
3,42,18500,1.0,1.0,csv_fill
3,42,19000,1.0,1.0,csv_fill
3,42,19500,1.0,1.0,csv_fill
3,42,20000,1.0,1.0,csv_fill
3,42,20500,1.0,1.0,csv_fill
3,42,21000,1.0,1.0,csv_fill
3,42,21500,1.0,1.0,csv_fill
3,42,22000,1.0,1.0,csv_fill
3,42,22500,1.0,1.0,csv_fill
3,42,23000,1.0,1.0,csv_fill
3,42,23500,1.0,1.0,csv_fill
3,42,24000,1.0,1.0,csv_fill
3,42,24500,1.0,1.0,csv_fill
3,42,25000,1.0,1.0,csv_fill
3,42,25500,1.0,1.0,csv_fill
3,42,26000,1.0,1.0,csv_fill
3,42,26500,1.0,1.0,csv_fill
3,42,27000,1.0,1.0,csv_fill
3,42,27500,1.0,1.0,csv_fill
3,42,28000,1.0,1.0,csv_fill
3,42,28500,1.0,1.0,csv_fill
3,42,29000,1.0,1.0,csv_fill
3,42,29500,1.0,1.0,csv_fill
3,42,30000,1.0,1.0,csv_fill
3,42,30500,1.0,1.0,csv_fill
3,42,31000,1.0,1.0,csv_fill
3,42,31500,1.0,1.0,csv_fill
3,42,32000,1.0,1.0,csv_fill
3,42,32500,1.0,1.0,csv_fill
3,42,33000,1.0,1.0,csv_fill
3,42,33500,1.0,1.0,csv_fill
3,42,34000,1.0,1.0,csv_fill
3,42,34500,1.0,1.0,csv_fill
3,42,35000,1.0,1.0,csv_fill
3,42,35500,1.0,1.0,csv_fill
3,42,36000,1.0,1.0,csv_fill
3,42,36500,1.0,1.0,csv_fill
3,42,37000,1.0,1.0,csv_fill
3,42,37500,1.0,1.0,csv_fill
3,42,38000,1.0,1.0,csv_fill
3,42,38500,1.0,1.0,csv_fill
3,42,39000,1.0,1.0,csv_fill
3,42,39500,1.0,1.0,csv_fill
3,42,40000,1.0,1.0,csv_fill
3,42,40500,1.0,1.0,csv_fill
3,42,41000,1.0,1.0,csv_fill
3,42,41500,1.0,1.0,csv_fill
3,42,42000,1.0,1.0,csv_fill
3,42,42500,1.0,1.0,csv_fill
3,42,43000,1.0,1.0,csv_fill
3,42,43500,1.0,1.0,csv_fill
3,42,44000,1.0,1.0,csv_fill
3,42,44500,1.0,1.0,csv_fill
3,42,45000,1.0,1.0,csv_fill
3,42,45500,1.0,1.0,csv_fill
3,42,46000,1.0,1.0,csv_fill
3,42,46500,1.0,1.0,csv_fill
3,42,47000,1.0,1.0,csv_fill
3,42,47500,1.0,1.0,csv_fill
3,42,48000,1.0,1.0,csv_fill
3,42,48500,1.0,1.0,csv_fill
3,42,49000,1.0,1.0,csv_fill
3,42,49500,1.0,1.0,csv_fill
3,42,50000,1.0,1.0,csv_fill
3,42,50500,1.0,1.0,csv_fill
3,42,51000,1.0,1.0,csv_fill
3,42,51500,1.0,1.0,csv_fill
3,42,52000,1.0,1.0,csv_fill
3,42,52500,1.0,1.0,csv_fill
3,42,53000,1.0,1.0,csv_fill
3,42,53500,1.0,1.0,csv_fill
3,42,54000,1.0,1.0,csv_fill
3,42,54500,1.0,1.0,csv_fill
3,42,55000,1.0,1.0,csv_fill
3,42,55500,1.0,1.0,csv_fill
3,42,56000,1.0,1.0,csv_fill
3,42,56500,1.0,1.0,csv_fill
3,42,57000,1.0,1.0,csv_fill
3,42,57500,1.0,1.0,csv_fill
3,42,58000,1.0,1.0,csv_fill
3,42,58500,1.0,1.0,csv_fill
3,42,59000,1.0,1.0,csv_fill
3,42,59500,1.0,1.0,csv_fill
3,42,60000,1.0,1.0,csv_fill
3,42,60500,1.0,1.0,csv_fill
3,42,61000,1.0,1.0,csv_fill
3,42,61500,1.0,1.0,csv_fill
3,42,62000,1.0,1.0,csv_fill
3,42,62500,1.0,1.0,csv_fill
3,42,63000,1.0,1.0,csv_fill
3,42,63500,1.0,1.0,csv_fill
3,42,64000,1.0,1.0,csv_fill
3,42,64500,1.0,1.0,csv_fill
3,42,65000,1.0,1.0,csv_fill
3,42,65500,1.0,1.0,csv_fill
3,42,66000,1.0,1.0,csv_fill
3,42,66500,1.0,1.0,csv_fill
3,42,67000,1.0,1.0,csv_fill
3,42,67500,1.0,1.0,csv_fill
3,42,68000,1.0,1.0,csv_fill
3,42,68500,1.0,1.0,csv_fill
3,42,69000,1.0,1.0,csv_fill
3,42,69500,1.0,1.0,csv_fill
3,42,70000,1.0,1.0,csv_fill
3,42,70500,1.0,1.0,csv_fill
4,1,500,0.19,0.1905,jsonl
4,1,1000,0.213,0.187,jsonl
4,1,1500,0.202,0.208,jsonl
4,1,2000,0.215,0.2125,jsonl
4,1,2500,0.916,0.896,jsonl
4,1,3000,0.996,0.995,jsonl
4,1,3500,0.997,0.9935,jsonl
4,1,4000,1.0,1.0,jsonl
4,1,4500,1.0,1.0,jsonl
4,1,5000,1.0,1.0,jsonl
4,1,5500,1.0,1.0,jsonl
4,1,6000,1.0,1.0,jsonl
4,1,6500,1.0,1.0,jsonl
4,1,7000,1.0,1.0,jsonl
4,1,7500,1.0,1.0,jsonl
4,1,8000,1.0,1.0,jsonl
4,1,8500,1.0,1.0,jsonl
4,1,9000,1.0,1.0,jsonl
4,1,9500,1.0,1.0,jsonl
4,1,10000,1.0,1.0,jsonl
4,1,10500,1.0,1.0,jsonl
4,1,11000,1.0,1.0,jsonl
4,1,11500,1.0,1.0,jsonl
4,1,12000,1.0,1.0,jsonl
4,1,12500,1.0,1.0,jsonl
4,1,13000,1.0,1.0,jsonl
4,1,13500,1.0,1.0,jsonl
4,1,14000,1.0,1.0,jsonl
4,1,14500,1.0,1.0,jsonl
4,1,15000,1.0,1.0,jsonl
4,1,15500,1.0,1.0,jsonl
4,1,16000,1.0,1.0,jsonl
4,1,16500,1.0,1.0,jsonl
4,1,17000,1.0,1.0,jsonl
4,1,17500,1.0,1.0,jsonl
4,1,18000,1.0,1.0,jsonl
4,1,18500,1.0,1.0,jsonl
4,1,19000,1.0,1.0,jsonl
4,1,19500,1.0,1.0,jsonl
4,1,20000,1.0,1.0,jsonl
4,1,20500,1.0,1.0,jsonl
4,1,21000,1.0,1.0,jsonl
4,1,21500,1.0,1.0,jsonl
4,1,22000,1.0,1.0,jsonl
4,1,22500,1.0,1.0,jsonl
4,1,23000,1.0,1.0,jsonl
4,1,23500,1.0,1.0,jsonl
4,1,24000,1.0,1.0,jsonl
4,1,24500,1.0,1.0,jsonl
4,1,25000,1.0,1.0,jsonl
4,1,25500,1.0,1.0,jsonl
4,1,26000,1.0,1.0,jsonl
4,1,26500,1.0,1.0,jsonl
4,1,27000,1.0,1.0,jsonl
4,1,27500,1.0,1.0,jsonl
4,1,28000,1.0,1.0,jsonl
4,1,28500,1.0,1.0,jsonl
4,1,29000,1.0,1.0,jsonl
4,1,29500,1.0,1.0,jsonl
4,1,30000,1.0,1.0,jsonl
4,1,30500,1.0,1.0,jsonl
4,1,31000,1.0,1.0,jsonl
4,1,31500,1.0,1.0,jsonl
4,1,32000,1.0,1.0,jsonl
4,1,32500,1.0,1.0,jsonl
4,1,33000,1.0,1.0,jsonl
4,1,33500,1.0,1.0,jsonl
4,1,34000,1.0,1.0,jsonl
4,1,34500,1.0,1.0,jsonl
4,1,35000,1.0,1.0,jsonl
4,1,35500,1.0,1.0,jsonl
4,1,36000,1.0,1.0,jsonl
4,1,36500,1.0,1.0,jsonl
4,1,37000,1.0,1.0,jsonl
4,1,37500,1.0,1.0,jsonl
4,1,38000,1.0,1.0,jsonl
4,1,38500,1.0,1.0,jsonl
4,1,39000,1.0,1.0,jsonl
4,1,39500,1.0,1.0,jsonl
4,1,40000,1.0,1.0,jsonl
4,1,40500,1.0,1.0,jsonl
4,1,41000,1.0,1.0,jsonl
4,1,41500,1.0,1.0,jsonl
4,1,42000,1.0,1.0,jsonl
4,1,42500,1.0,1.0,jsonl
4,1,43000,1.0,1.0,jsonl
4,1,43500,1.0,1.0,jsonl
4,1,44000,1.0,1.0,jsonl
4,1,44500,1.0,1.0,jsonl
4,1,45000,1.0,1.0,jsonl
4,1,45500,1.0,1.0,jsonl
4,1,46000,1.0,1.0,jsonl
4,1,46500,1.0,1.0,jsonl
4,1,47000,1.0,1.0,jsonl
4,1,47500,1.0,1.0,jsonl
4,1,48000,1.0,1.0,jsonl
4,1,48500,1.0,1.0,jsonl
4,1,49000,1.0,1.0,jsonl
4,1,49500,1.0,1.0,jsonl
4,1,50000,1.0,1.0,jsonl
4,1,50500,1.0,1.0,jsonl
4,1,51000,1.0,1.0,jsonl
4,1,51500,1.0,1.0,jsonl
4,1,52000,1.0,1.0,jsonl
4,1,52500,1.0,1.0,jsonl
4,1,53000,1.0,1.0,jsonl
4,1,53500,1.0,1.0,jsonl
4,1,54000,1.0,1.0,jsonl
4,1,54500,1.0,1.0,jsonl
4,1,55000,1.0,1.0,jsonl
4,1,55500,1.0,1.0,jsonl
4,1,56000,1.0,1.0,jsonl
4,1,56500,1.0,1.0,jsonl
4,1,57000,1.0,1.0,jsonl
4,1,57500,1.0,1.0,jsonl
4,1,58000,1.0,1.0,jsonl
4,1,58500,1.0,1.0,jsonl
4,1,59000,1.0,1.0,jsonl
4,1,59500,1.0,1.0,jsonl
4,1,60000,1.0,1.0,jsonl
4,1,60500,1.0,1.0,jsonl
4,1,61000,1.0,1.0,jsonl
4,1,61500,1.0,1.0,jsonl
4,1,62000,1.0,1.0,jsonl
4,1,62500,1.0,1.0,jsonl
4,1,63000,1.0,1.0,jsonl
4,1,63500,1.0,1.0,jsonl
4,1,64000,1.0,1.0,jsonl
4,1,64500,1.0,1.0,jsonl
4,1,65000,1.0,1.0,jsonl
4,1,65500,1.0,1.0,jsonl
4,1,66000,1.0,1.0,jsonl
4,1,66500,1.0,1.0,jsonl
4,1,67000,1.0,1.0,jsonl
4,1,67500,1.0,1.0,jsonl
4,1,68000,1.0,1.0,jsonl
4,1,68500,1.0,1.0,jsonl
4,1,69000,1.0,1.0,jsonl
4,1,69500,1.0,1.0,jsonl
4,1,70000,1.0,1.0,jsonl
4,1,70500,1.0,1.0,jsonl
4,2,500,0.192,0.2125,jsonl
4,2,1000,0.211,0.1915,jsonl
4,2,1500,0.209,0.206,jsonl
4,2,2000,0.303,0.2385,jsonl
4,2,2500,0.939,0.9355,jsonl
4,2,3000,0.953,0.941,jsonl
4,2,3500,0.987,0.9815,jsonl
4,2,4000,1.0,1.0,jsonl
4,2,4500,1.0,1.0,jsonl
4,2,5000,1.0,1.0,jsonl
4,2,5500,1.0,1.0,jsonl
4,2,6000,1.0,1.0,jsonl
4,2,6500,1.0,1.0,jsonl
4,2,7000,1.0,1.0,jsonl
4,2,7500,1.0,1.0,jsonl
4,2,8000,1.0,1.0,jsonl
4,2,8500,1.0,1.0,jsonl
4,2,9000,1.0,1.0,jsonl
4,2,9500,1.0,1.0,jsonl
4,2,10000,1.0,1.0,jsonl
4,2,10500,1.0,1.0,jsonl
4,2,11000,1.0,1.0,jsonl
4,2,11500,1.0,1.0,jsonl
4,2,12000,1.0,1.0,jsonl
4,2,12500,1.0,1.0,jsonl
4,2,13000,1.0,1.0,jsonl
4,2,13500,1.0,1.0,jsonl
4,2,14000,1.0,1.0,jsonl
4,2,14500,1.0,1.0,jsonl
4,2,15000,1.0,1.0,jsonl
4,2,15500,1.0,1.0,jsonl
4,2,16000,1.0,1.0,jsonl
4,2,16500,1.0,1.0,jsonl
4,2,17000,1.0,1.0,jsonl
4,2,17500,1.0,1.0,jsonl
4,2,18000,1.0,1.0,jsonl
4,2,18500,1.0,1.0,jsonl
4,2,19000,1.0,1.0,jsonl
4,2,19500,1.0,1.0,jsonl
4,2,20000,1.0,1.0,jsonl
4,2,20500,1.0,1.0,jsonl
4,2,21000,1.0,1.0,jsonl
4,2,21500,1.0,1.0,jsonl
4,2,22000,1.0,1.0,jsonl
4,2,22500,1.0,1.0,jsonl
4,2,23000,1.0,1.0,jsonl
4,2,23500,1.0,1.0,jsonl
4,2,24000,1.0,1.0,jsonl
4,2,24500,1.0,1.0,jsonl
4,2,25000,1.0,1.0,jsonl
4,2,25500,1.0,1.0,jsonl
4,2,26000,1.0,1.0,jsonl
4,2,26500,1.0,1.0,jsonl
4,2,27000,1.0,1.0,jsonl
4,2,27500,1.0,1.0,jsonl
4,2,28000,1.0,1.0,jsonl
4,2,28500,1.0,1.0,jsonl
4,2,29000,1.0,1.0,jsonl
4,2,29500,1.0,1.0,jsonl
4,2,30000,1.0,1.0,jsonl
4,2,30500,1.0,1.0,jsonl
4,2,31000,1.0,1.0,jsonl
4,2,31500,1.0,1.0,jsonl
4,2,32000,1.0,1.0,jsonl
4,2,32500,1.0,1.0,jsonl
4,2,33000,1.0,1.0,jsonl
4,2,33500,1.0,1.0,jsonl
4,2,34000,1.0,1.0,jsonl
4,2,34500,1.0,1.0,jsonl
4,2,35000,1.0,1.0,jsonl
4,2,35500,1.0,1.0,jsonl
4,2,36000,1.0,1.0,jsonl
4,2,36500,1.0,1.0,jsonl
4,2,37000,1.0,1.0,jsonl
4,2,37500,1.0,1.0,jsonl
4,2,38000,1.0,1.0,jsonl
4,2,38500,1.0,1.0,jsonl
4,2,39000,1.0,1.0,jsonl
4,2,39500,1.0,1.0,jsonl
4,2,40000,1.0,1.0,jsonl
4,2,40500,1.0,1.0,jsonl
4,2,41000,1.0,1.0,jsonl
4,2,41500,1.0,1.0,jsonl
4,2,42000,1.0,1.0,jsonl
4,2,42500,1.0,1.0,jsonl
4,2,43000,1.0,1.0,jsonl
4,2,43500,1.0,1.0,jsonl
4,2,44000,1.0,1.0,jsonl
4,2,44500,1.0,1.0,jsonl
4,2,45000,1.0,1.0,jsonl
4,2,45500,1.0,1.0,jsonl
4,2,46000,1.0,1.0,jsonl
4,2,46500,1.0,1.0,jsonl
4,2,47000,1.0,1.0,jsonl
4,2,47500,1.0,1.0,jsonl
4,2,48000,1.0,1.0,jsonl
4,2,48500,1.0,1.0,jsonl
4,2,49000,1.0,1.0,jsonl
4,2,49500,1.0,1.0,jsonl
4,2,50000,1.0,1.0,jsonl
4,2,50500,1.0,1.0,jsonl
4,2,51000,1.0,1.0,jsonl
4,2,51500,1.0,1.0,jsonl
4,2,52000,1.0,1.0,jsonl
4,2,52500,1.0,1.0,jsonl
4,2,53000,1.0,1.0,jsonl
4,2,53500,1.0,1.0,jsonl
4,2,54000,1.0,1.0,jsonl
4,2,54500,1.0,1.0,jsonl
4,2,55000,1.0,1.0,jsonl
4,2,55500,1.0,1.0,jsonl
4,2,56000,1.0,1.0,jsonl
4,2,56500,1.0,1.0,jsonl
4,2,57000,1.0,1.0,jsonl
4,2,57500,1.0,1.0,jsonl
4,2,58000,1.0,1.0,jsonl
4,2,58500,1.0,1.0,jsonl
4,2,59000,1.0,1.0,jsonl
4,2,59500,1.0,1.0,jsonl
4,2,60000,1.0,1.0,jsonl
4,2,60500,1.0,1.0,jsonl
4,2,61000,1.0,1.0,jsonl
4,2,61500,1.0,1.0,jsonl
4,2,62000,1.0,1.0,jsonl
4,2,62500,1.0,1.0,jsonl
4,2,63000,1.0,1.0,jsonl
4,2,63500,1.0,1.0,jsonl
4,2,64000,1.0,1.0,jsonl
4,2,64500,1.0,1.0,jsonl
4,2,65000,1.0,1.0,jsonl
4,2,65500,1.0,1.0,jsonl
4,2,66000,1.0,1.0,jsonl
4,2,66500,1.0,1.0,jsonl
4,2,67000,1.0,1.0,jsonl
4,2,67500,1.0,1.0,jsonl
4,2,68000,1.0,1.0,jsonl
4,2,68500,1.0,1.0,jsonl
4,2,69000,1.0,1.0,jsonl
4,2,69500,1.0,1.0,jsonl
4,2,70000,1.0,1.0,jsonl
4,2,70500,1.0,1.0,jsonl
4,42,0,0.0,0.0,csv
4,42,250,,0.213,csv
4,42,500,,0.1775,csv
4,42,750,,0.2125,csv
4,42,1000,0.1986666667,0.205,csv
4,42,1250,,0.2155,csv
4,42,1500,,0.188,csv
4,42,1750,,0.2,csv
4,42,2000,0.3818666667,0.2975,csv
4,42,2250,,0.8165,csv
4,42,2500,,0.9195,csv
4,42,2750,,0.987,csv
4,42,3000,0.9836,0.9785,csv
4,42,3250,,0.9975,csv
4,42,3500,,0.986,csv
4,42,3750,,0.9995,csv
4,42,4000,1.0,1.0,csv
4,42,4500,1.0,1.0,csv_fill
4,42,5000,1.0,1.0,csv_fill
4,42,5500,1.0,1.0,csv_fill
4,42,6000,1.0,1.0,csv_fill
4,42,6500,1.0,1.0,csv_fill
4,42,7000,1.0,1.0,csv_fill
4,42,7500,1.0,1.0,csv_fill
4,42,8000,1.0,1.0,csv_fill
4,42,8500,1.0,1.0,csv_fill
4,42,9000,1.0,1.0,csv_fill
4,42,9500,1.0,1.0,csv_fill
4,42,10000,1.0,1.0,csv_fill
4,42,10500,1.0,1.0,csv_fill
4,42,11000,1.0,1.0,csv_fill
4,42,11500,1.0,1.0,csv_fill
4,42,12000,1.0,1.0,csv_fill
4,42,12500,1.0,1.0,csv_fill
4,42,13000,1.0,1.0,csv_fill
4,42,13500,1.0,1.0,csv_fill
4,42,14000,1.0,1.0,csv_fill
4,42,14500,1.0,1.0,csv_fill
4,42,15000,1.0,1.0,csv_fill
4,42,15500,1.0,1.0,csv_fill
4,42,16000,1.0,1.0,csv_fill
4,42,16500,1.0,1.0,csv_fill
4,42,17000,1.0,1.0,csv_fill
4,42,17500,1.0,1.0,csv_fill
4,42,18000,1.0,1.0,csv_fill
4,42,18500,1.0,1.0,csv_fill
4,42,19000,1.0,1.0,csv_fill
4,42,19500,1.0,1.0,csv_fill
4,42,20000,1.0,1.0,csv_fill
4,42,20500,1.0,1.0,csv_fill
4,42,21000,1.0,1.0,csv_fill
4,42,21500,1.0,1.0,csv_fill
4,42,22000,1.0,1.0,csv_fill
4,42,22500,1.0,1.0,csv_fill
4,42,23000,1.0,1.0,csv_fill
4,42,23500,1.0,1.0,csv_fill
4,42,24000,1.0,1.0,csv_fill
4,42,24500,1.0,1.0,csv_fill
4,42,25000,1.0,1.0,csv_fill
4,42,25500,1.0,1.0,csv_fill
4,42,26000,1.0,1.0,csv_fill
4,42,26500,1.0,1.0,csv_fill
4,42,27000,1.0,1.0,csv_fill
4,42,27500,1.0,1.0,csv_fill
4,42,28000,1.0,1.0,csv_fill
4,42,28500,1.0,1.0,csv_fill
4,42,29000,1.0,1.0,csv_fill
4,42,29500,1.0,1.0,csv_fill
4,42,30000,1.0,1.0,csv_fill
4,42,30500,1.0,1.0,csv_fill
4,42,31000,1.0,1.0,csv_fill
4,42,31500,1.0,1.0,csv_fill
4,42,32000,1.0,1.0,csv_fill
4,42,32500,1.0,1.0,csv_fill
4,42,33000,1.0,1.0,csv_fill
4,42,33500,1.0,1.0,csv_fill
4,42,34000,1.0,1.0,csv_fill
4,42,34500,1.0,1.0,csv_fill
4,42,35000,1.0,1.0,csv_fill
4,42,35500,1.0,1.0,csv_fill
4,42,36000,1.0,1.0,csv_fill
4,42,36500,1.0,1.0,csv_fill
4,42,37000,1.0,1.0,csv_fill
4,42,37500,1.0,1.0,csv_fill
4,42,38000,1.0,1.0,csv_fill
4,42,38500,1.0,1.0,csv_fill
4,42,39000,1.0,1.0,csv_fill
4,42,39500,1.0,1.0,csv_fill
4,42,40000,1.0,1.0,csv_fill
4,42,40500,1.0,1.0,csv_fill
4,42,41000,1.0,1.0,csv_fill
4,42,41500,1.0,1.0,csv_fill
4,42,42000,1.0,1.0,csv_fill
4,42,42500,1.0,1.0,csv_fill
4,42,43000,1.0,1.0,csv_fill
4,42,43500,1.0,1.0,csv_fill
4,42,44000,1.0,1.0,csv_fill
4,42,44500,1.0,1.0,csv_fill
4,42,45000,1.0,1.0,csv_fill
4,42,45500,1.0,1.0,csv_fill
4,42,46000,1.0,1.0,csv_fill
4,42,46500,1.0,1.0,csv_fill
4,42,47000,1.0,1.0,csv_fill
4,42,47500,1.0,1.0,csv_fill
4,42,48000,1.0,1.0,csv_fill
4,42,48500,1.0,1.0,csv_fill
4,42,49000,1.0,1.0,csv_fill
4,42,49500,1.0,1.0,csv_fill
4,42,50000,1.0,1.0,csv_fill
4,42,50500,1.0,1.0,csv_fill
4,42,51000,1.0,1.0,csv_fill
4,42,51500,1.0,1.0,csv_fill
4,42,52000,1.0,1.0,csv_fill
4,42,52500,1.0,1.0,csv_fill
4,42,53000,1.0,1.0,csv_fill
4,42,53500,1.0,1.0,csv_fill
4,42,54000,1.0,1.0,csv_fill
4,42,54500,1.0,1.0,csv_fill
4,42,55000,1.0,1.0,csv_fill
4,42,55500,1.0,1.0,csv_fill
4,42,56000,1.0,1.0,csv_fill
4,42,56500,1.0,1.0,csv_fill
4,42,57000,1.0,1.0,csv_fill
4,42,57500,1.0,1.0,csv_fill
4,42,58000,1.0,1.0,csv_fill
4,42,58500,1.0,1.0,csv_fill
4,42,59000,1.0,1.0,csv_fill
4,42,59500,1.0,1.0,csv_fill
4,42,60000,1.0,1.0,csv_fill
4,42,60500,1.0,1.0,csv_fill
4,42,61000,1.0,1.0,csv_fill
4,42,61500,1.0,1.0,csv_fill
4,42,62000,1.0,1.0,csv_fill
4,42,62500,1.0,1.0,csv_fill
4,42,63000,1.0,1.0,csv_fill
4,42,63500,1.0,1.0,csv_fill
4,42,64000,1.0,1.0,csv_fill
4,42,64500,1.0,1.0,csv_fill
4,42,65000,1.0,1.0,csv_fill
4,42,65500,1.0,1.0,csv_fill
4,42,66000,1.0,1.0,csv_fill
4,42,66500,1.0,1.0,csv_fill
4,42,67000,1.0,1.0,csv_fill
4,42,67500,1.0,1.0,csv_fill
4,42,68000,1.0,1.0,csv_fill
4,42,68500,1.0,1.0,csv_fill
4,42,69000,1.0,1.0,csv_fill
4,42,69500,1.0,1.0,csv_fill
4,42,70000,1.0,1.0,csv_fill
4,42,70500,1.0,1.0,csv_fill
5,1,500,0.16,0.1605,jsonl
5,1,1000,0.186,0.1845,jsonl
5,1,1500,0.177,0.185,jsonl
5,1,2000,0.334,0.3245,jsonl
5,1,2500,0.358,0.321,jsonl
5,1,3000,0.333,0.3235,jsonl
5,1,3500,0.364,0.3355,jsonl
5,1,4000,0.353,0.3305,jsonl
5,1,4500,0.363,0.319,jsonl
5,1,5000,0.436,0.3105,jsonl
5,1,5500,0.41,0.318,jsonl
5,1,6000,0.463,0.3375,jsonl
5,1,6500,0.423,0.3185,jsonl
5,1,7000,0.453,0.33,jsonl
5,1,7500,0.433,0.309,jsonl
5,1,8000,0.443,0.3085,jsonl
5,1,8500,0.45,0.337,jsonl
5,1,9000,0.436,0.3035,jsonl
5,1,9500,0.464,0.321,jsonl
5,1,10000,0.471,0.338,jsonl
5,1,10500,0.473,0.303,jsonl
5,1,11000,0.431,0.309,jsonl
5,1,11500,0.479,0.3255,jsonl
5,1,12000,0.467,0.327,jsonl
5,1,12500,0.494,0.314,jsonl
5,1,13000,0.513,0.3455,jsonl
5,1,13500,0.569,0.3975,jsonl
5,1,14000,0.701,0.6535,jsonl
5,1,14500,0.662,0.602,jsonl
5,1,15000,0.98,0.966,jsonl
5,1,15500,0.998,0.996,jsonl
5,1,16000,1.0,0.998,jsonl
5,1,16500,1.0,0.998,jsonl
5,1,17000,0.998,0.9955,jsonl
5,1,17500,1.0,0.999,jsonl
5,1,18000,1.0,0.999,jsonl
5,1,18500,1.0,0.999,jsonl
5,1,19000,1.0,0.999,jsonl
5,1,19500,1.0,0.999,jsonl
5,1,20000,1.0,0.999,jsonl
5,1,20500,1.0,0.999,jsonl
5,1,21000,1.0,0.999,jsonl
5,1,21500,1.0,0.999,jsonl
5,1,22000,1.0,0.999,jsonl
5,1,22500,1.0,0.999,jsonl
5,1,23000,1.0,0.999,jsonl
5,1,23500,1.0,0.999,jsonl
5,1,24000,1.0,0.999,jsonl
5,1,24500,1.0,0.999,jsonl
5,1,25000,1.0,0.999,jsonl
5,1,25500,1.0,0.999,jsonl
5,1,26000,1.0,0.999,jsonl
5,1,26500,1.0,0.999,jsonl
5,1,27000,1.0,0.999,jsonl
5,1,27500,1.0,0.999,jsonl
5,1,28000,1.0,0.999,jsonl
5,1,28500,1.0,0.999,jsonl
5,1,29000,1.0,0.999,jsonl
5,1,29500,1.0,0.999,jsonl
5,1,30000,1.0,0.999,jsonl
5,1,30500,1.0,0.999,jsonl
5,1,31000,1.0,0.999,jsonl
5,1,31500,1.0,0.999,jsonl
5,1,32000,1.0,0.999,jsonl
5,1,32500,1.0,0.999,jsonl
5,1,33000,1.0,0.999,jsonl
5,1,33500,1.0,0.999,jsonl
5,1,34000,1.0,0.999,jsonl
5,1,34500,1.0,0.999,jsonl
5,1,35000,1.0,0.999,jsonl
5,1,35500,1.0,0.999,jsonl
5,1,36000,1.0,0.999,jsonl
5,1,36500,1.0,0.999,jsonl
5,1,37000,1.0,0.999,jsonl
5,1,37500,1.0,0.999,jsonl
5,1,38000,1.0,0.999,jsonl
5,1,38500,1.0,0.999,jsonl
5,1,39000,1.0,0.999,jsonl
5,1,39500,1.0,0.999,jsonl
5,1,40000,1.0,0.999,jsonl
5,1,40500,1.0,0.999,jsonl
5,1,41000,1.0,0.999,jsonl
5,1,41500,1.0,0.999,jsonl
5,1,42000,1.0,0.999,jsonl
5,1,42500,1.0,0.999,jsonl
5,1,43000,1.0,0.999,jsonl
5,1,43500,1.0,0.999,jsonl
5,1,44000,1.0,0.999,jsonl
5,1,44500,1.0,0.999,jsonl
5,1,45000,1.0,0.999,jsonl
5,1,45500,1.0,0.999,jsonl
5,1,46000,1.0,0.999,jsonl
5,1,46500,1.0,0.999,jsonl
5,1,47000,1.0,0.999,jsonl
5,1,47500,1.0,0.999,jsonl
5,1,48000,1.0,0.999,jsonl
5,1,48500,1.0,0.999,jsonl
5,1,49000,1.0,0.999,jsonl
5,1,49500,1.0,0.999,jsonl
5,1,50000,1.0,0.999,jsonl
5,1,50500,1.0,0.999,jsonl
5,1,51000,1.0,0.999,jsonl
5,1,51500,1.0,0.999,jsonl
5,1,52000,1.0,0.999,jsonl
5,1,52500,1.0,0.999,jsonl
5,1,53000,1.0,0.999,jsonl
5,1,53500,1.0,0.999,jsonl
5,1,54000,1.0,0.999,jsonl
5,1,54500,1.0,0.999,jsonl
5,1,55000,1.0,0.999,jsonl
5,1,55500,1.0,0.999,jsonl
5,1,56000,1.0,0.999,jsonl
5,1,56500,1.0,0.999,jsonl
5,1,57000,1.0,0.999,jsonl
5,1,57500,1.0,0.999,jsonl
5,1,58000,1.0,0.999,jsonl
5,1,58500,1.0,0.999,jsonl
5,1,59000,1.0,0.999,jsonl
5,1,59500,1.0,0.999,jsonl
5,1,60000,1.0,0.999,jsonl
5,1,60500,1.0,0.999,jsonl
5,1,61000,1.0,0.999,jsonl
5,1,61500,1.0,0.999,jsonl
5,1,62000,1.0,0.999,jsonl
5,1,62500,1.0,0.999,jsonl
5,1,63000,1.0,0.999,jsonl
5,1,63500,1.0,0.999,jsonl
5,1,64000,1.0,0.999,jsonl
5,1,64500,1.0,0.999,jsonl
5,1,65000,1.0,0.999,jsonl
5,1,65500,1.0,0.999,jsonl
5,1,66000,1.0,0.999,jsonl
5,1,66500,1.0,0.999,jsonl
5,1,67000,1.0,0.999,jsonl
5,1,67500,1.0,0.999,jsonl
5,1,68000,1.0,0.999,jsonl
5,1,68500,1.0,0.999,jsonl
5,1,69000,1.0,0.999,jsonl
5,1,69500,1.0,0.999,jsonl
5,1,70000,1.0,0.999,jsonl
5,1,70500,1.0,0.999,jsonl
5,2,500,0.16,0.159,jsonl
5,2,1000,0.166,0.167,jsonl
5,2,1500,0.177,0.164,jsonl
5,2,2000,0.342,0.347,jsonl
5,2,2500,0.384,0.333,jsonl
5,2,3000,0.387,0.321,jsonl
5,2,3500,0.373,0.3365,jsonl
5,2,4000,0.418,0.3265,jsonl
5,2,4500,0.441,0.349,jsonl
5,2,5000,0.559,0.4635,jsonl
5,2,5500,0.956,0.954,jsonl
5,2,6000,0.968,0.971,jsonl
5,2,6500,0.999,0.999,jsonl
5,2,7000,0.901,0.9045,jsonl
5,2,7500,0.892,0.898,jsonl
5,2,8000,1.0,1.0,jsonl
5,2,8500,0.993,0.9945,jsonl
5,2,9000,0.997,0.9985,jsonl
5,2,9500,1.0,1.0,jsonl
5,2,10000,1.0,0.9995,jsonl
5,2,10500,1.0,1.0,jsonl
5,2,11000,1.0,1.0,jsonl
5,2,11500,1.0,1.0,jsonl
5,2,12000,1.0,1.0,jsonl
5,2,12500,1.0,1.0,jsonl
5,2,13000,1.0,1.0,jsonl
5,2,13500,1.0,1.0,jsonl
5,2,14000,1.0,1.0,jsonl
5,2,14500,1.0,1.0,jsonl
5,2,15000,1.0,1.0,jsonl
5,2,15500,1.0,1.0,jsonl
5,2,16000,1.0,1.0,jsonl
5,2,16500,1.0,1.0,jsonl
5,2,17000,1.0,1.0,jsonl
5,2,17500,1.0,1.0,jsonl
5,2,18000,1.0,1.0,jsonl
5,2,18500,1.0,1.0,jsonl
5,2,19000,1.0,1.0,jsonl
5,2,19500,1.0,1.0,jsonl
5,2,20000,1.0,1.0,jsonl
5,2,20500,1.0,1.0,jsonl
5,2,21000,1.0,1.0,jsonl
5,2,21500,1.0,1.0,jsonl
5,2,22000,1.0,1.0,jsonl
5,2,22500,1.0,1.0,jsonl
5,2,23000,1.0,1.0,jsonl
5,2,23500,1.0,1.0,jsonl
5,2,24000,1.0,1.0,jsonl
5,2,24500,1.0,1.0,jsonl
5,2,25000,1.0,1.0,jsonl
5,2,25500,1.0,1.0,jsonl
5,2,26000,1.0,1.0,jsonl
5,2,26500,1.0,1.0,jsonl
5,2,27000,1.0,1.0,jsonl
5,2,27500,1.0,1.0,jsonl
5,2,28000,1.0,1.0,jsonl
5,2,28500,1.0,1.0,jsonl
5,2,29000,1.0,1.0,jsonl
5,2,29500,1.0,1.0,jsonl
5,2,30000,1.0,1.0,jsonl
5,2,30500,1.0,1.0,jsonl
5,2,31000,1.0,1.0,jsonl
5,2,31500,1.0,1.0,jsonl
5,2,32000,1.0,1.0,jsonl
5,2,32500,1.0,1.0,jsonl
5,2,33000,1.0,1.0,jsonl
5,2,33500,1.0,1.0,jsonl
5,2,34000,1.0,1.0,jsonl
5,2,34500,1.0,1.0,jsonl
5,2,35000,1.0,1.0,jsonl
5,2,35500,1.0,1.0,jsonl
5,2,36000,1.0,1.0,jsonl
5,2,36500,1.0,1.0,jsonl
5,2,37000,1.0,1.0,jsonl
5,2,37500,1.0,1.0,jsonl
5,2,38000,1.0,1.0,jsonl
5,2,38500,1.0,1.0,jsonl
5,2,39000,1.0,1.0,jsonl
5,2,39500,1.0,1.0,jsonl
5,2,40000,1.0,1.0,jsonl
5,2,40500,1.0,1.0,jsonl
5,2,41000,1.0,1.0,jsonl
5,2,41500,1.0,1.0,jsonl
5,2,42000,1.0,1.0,jsonl
5,2,42500,1.0,1.0,jsonl
5,2,43000,1.0,1.0,jsonl
5,2,43500,1.0,1.0,jsonl
5,2,44000,1.0,1.0,jsonl
5,2,44500,1.0,1.0,jsonl
5,2,45000,1.0,1.0,jsonl
5,2,45500,1.0,1.0,jsonl
5,2,46000,1.0,1.0,jsonl
5,2,46500,1.0,1.0,jsonl
5,2,47000,1.0,1.0,jsonl
5,2,47500,1.0,1.0,jsonl
5,2,48000,1.0,1.0,jsonl
5,2,48500,1.0,1.0,jsonl
5,2,49000,1.0,1.0,jsonl
5,2,49500,1.0,1.0,jsonl
5,2,50000,1.0,1.0,jsonl
5,2,50500,1.0,1.0,jsonl
5,2,51000,1.0,1.0,jsonl
5,2,51500,1.0,1.0,jsonl
5,2,52000,1.0,1.0,jsonl
5,2,52500,1.0,1.0,jsonl
5,2,53000,1.0,1.0,jsonl
5,2,53500,1.0,1.0,jsonl
5,2,54000,1.0,1.0,jsonl
5,2,54500,1.0,1.0,jsonl
5,2,55000,1.0,1.0,jsonl
5,2,55500,1.0,1.0,jsonl
5,2,56000,1.0,1.0,jsonl
5,2,56500,1.0,1.0,jsonl
5,2,57000,1.0,1.0,jsonl
5,2,57500,1.0,1.0,jsonl
5,2,58000,1.0,1.0,jsonl
5,2,58500,1.0,1.0,jsonl
5,2,59000,1.0,1.0,jsonl
5,2,59500,1.0,1.0,jsonl
5,2,60000,1.0,1.0,jsonl
5,2,60500,1.0,1.0,jsonl
5,2,61000,1.0,1.0,jsonl
5,2,61500,1.0,1.0,jsonl
5,2,62000,1.0,1.0,jsonl
5,2,62500,1.0,1.0,jsonl
5,2,63000,1.0,1.0,jsonl
5,2,63500,1.0,1.0,jsonl
5,2,64000,1.0,1.0,jsonl
5,2,64500,1.0,1.0,jsonl
5,2,65000,1.0,1.0,jsonl
5,2,65500,1.0,1.0,jsonl
5,2,66000,1.0,1.0,jsonl
5,2,66500,1.0,1.0,jsonl
5,2,67000,1.0,1.0,jsonl
5,2,67500,1.0,1.0,jsonl
5,2,68000,1.0,1.0,jsonl
5,2,68500,1.0,1.0,jsonl
5,2,69000,1.0,1.0,jsonl
5,2,69500,1.0,1.0,jsonl
5,2,70000,1.0,1.0,jsonl
5,2,70500,1.0,1.0,jsonl
5,42,0,0.0,0.0,csv
5,42,250,,0.1625,csv
5,42,500,,0.165,csv
5,42,750,,0.1605,csv
5,42,1000,0.1768,0.1605,csv
5,42,1250,,0.1835,csv
5,42,1500,,0.169,csv
5,42,1750,,0.167,csv
5,42,2000,0.3246,0.309,csv
5,42,2250,,0.3305,csv
5,42,2500,,0.3265,csv
5,42,2750,,0.335,csv
5,42,3000,0.3756,0.3315,csv
5,42,3250,,0.3285,csv
5,42,3500,,0.33,csv
5,42,3750,,0.3385,csv
5,42,4000,0.3798,0.338,csv
5,42,4250,,0.342,csv
5,42,4500,,0.3255,csv
5,42,4750,,0.3205,csv
5,42,5000,0.4390666667,0.3245,csv
5,42,5250,,0.327,csv
5,42,5500,,0.3175,csv
5,42,5750,,0.3115,csv
5,42,6000,0.4369333333,0.3205,csv
5,42,6250,,0.3055,csv
5,42,6500,,0.3335,csv
5,42,6750,,0.3265,csv
5,42,7000,0.4539333333,0.3265,csv
5,42,7250,,0.3055,csv
5,42,7500,,0.3265,csv
5,42,7750,,0.32,csv
5,42,8000,0.4096666667,0.3345,csv
5,42,8250,,0.3265,csv
5,42,8500,,0.3235,csv
5,42,8750,,0.3435,csv
5,42,9000,0.472,0.337,csv
5,42,9250,,0.333,csv
5,42,9500,,0.322,csv
5,42,9750,,0.398,csv
5,42,10000,0.6473333333,0.532,csv
5,42,10250,,0.8925,csv
5,42,10500,,0.9855,csv
5,42,10750,,0.997,csv
5,42,11000,0.9988,0.998,csv
5,42,11500,1.0,1.0,csv_fill
5,42,12000,1.0,1.0,csv_fill
5,42,12500,1.0,1.0,csv_fill
5,42,13000,1.0,1.0,csv_fill
5,42,13500,1.0,1.0,csv_fill
5,42,14000,1.0,1.0,csv_fill
5,42,14500,1.0,1.0,csv_fill
5,42,15000,1.0,1.0,csv_fill
5,42,15500,1.0,1.0,csv_fill
5,42,16000,1.0,1.0,csv_fill
5,42,16500,1.0,1.0,csv_fill
5,42,17000,1.0,1.0,csv_fill
5,42,17500,1.0,1.0,csv_fill
5,42,18000,1.0,1.0,csv_fill
5,42,18500,1.0,1.0,csv_fill
5,42,19000,1.0,1.0,csv_fill
5,42,19500,1.0,1.0,csv_fill
5,42,20000,1.0,1.0,csv_fill
5,42,20500,1.0,1.0,csv_fill
5,42,21000,1.0,1.0,csv_fill
5,42,21500,1.0,1.0,csv_fill
5,42,22000,1.0,1.0,csv_fill
5,42,22500,1.0,1.0,csv_fill
5,42,23000,1.0,1.0,csv_fill
5,42,23500,1.0,1.0,csv_fill
5,42,24000,1.0,1.0,csv_fill
5,42,24500,1.0,1.0,csv_fill
5,42,25000,1.0,1.0,csv_fill
5,42,25500,1.0,1.0,csv_fill
5,42,26000,1.0,1.0,csv_fill
5,42,26500,1.0,1.0,csv_fill
5,42,27000,1.0,1.0,csv_fill
5,42,27500,1.0,1.0,csv_fill
5,42,28000,1.0,1.0,csv_fill
5,42,28500,1.0,1.0,csv_fill
5,42,29000,1.0,1.0,csv_fill
5,42,29500,1.0,1.0,csv_fill
5,42,30000,1.0,1.0,csv_fill
5,42,30500,1.0,1.0,csv_fill
5,42,31000,1.0,1.0,csv_fill
5,42,31500,1.0,1.0,csv_fill
5,42,32000,1.0,1.0,csv_fill
5,42,32500,1.0,1.0,csv_fill
5,42,33000,1.0,1.0,csv_fill
5,42,33500,1.0,1.0,csv_fill
5,42,34000,1.0,1.0,csv_fill
5,42,34500,1.0,1.0,csv_fill
5,42,35000,1.0,1.0,csv_fill
5,42,35500,1.0,1.0,csv_fill
5,42,36000,1.0,1.0,csv_fill
5,42,36500,1.0,1.0,csv_fill
5,42,37000,1.0,1.0,csv_fill
5,42,37500,1.0,1.0,csv_fill
5,42,38000,1.0,1.0,csv_fill
5,42,38500,1.0,1.0,csv_fill
5,42,39000,1.0,1.0,csv_fill
5,42,39500,1.0,1.0,csv_fill
5,42,40000,1.0,1.0,csv_fill
5,42,40500,1.0,1.0,csv_fill
5,42,41000,1.0,1.0,csv_fill
5,42,41500,1.0,1.0,csv_fill
5,42,42000,1.0,1.0,csv_fill
5,42,42500,1.0,1.0,csv_fill
5,42,43000,1.0,1.0,csv_fill
5,42,43500,1.0,1.0,csv_fill
5,42,44000,1.0,1.0,csv_fill
5,42,44500,1.0,1.0,csv_fill
5,42,45000,1.0,1.0,csv_fill
5,42,45500,1.0,1.0,csv_fill
5,42,46000,1.0,1.0,csv_fill
5,42,46500,1.0,1.0,csv_fill
5,42,47000,1.0,1.0,csv_fill
5,42,47500,1.0,1.0,csv_fill
5,42,48000,1.0,1.0,csv_fill
5,42,48500,1.0,1.0,csv_fill
5,42,49000,1.0,1.0,csv_fill
5,42,49500,1.0,1.0,csv_fill
5,42,50000,1.0,1.0,csv_fill
5,42,50500,1.0,1.0,csv_fill
5,42,51000,1.0,1.0,csv_fill
5,42,51500,1.0,1.0,csv_fill
5,42,52000,1.0,1.0,csv_fill
5,42,52500,1.0,1.0,csv_fill
5,42,53000,1.0,1.0,csv_fill
5,42,53500,1.0,1.0,csv_fill
5,42,54000,1.0,1.0,csv_fill
5,42,54500,1.0,1.0,csv_fill
5,42,55000,1.0,1.0,csv_fill
5,42,55500,1.0,1.0,csv_fill
5,42,56000,1.0,1.0,csv_fill
5,42,56500,1.0,1.0,csv_fill
5,42,57000,1.0,1.0,csv_fill
5,42,57500,1.0,1.0,csv_fill
5,42,58000,1.0,1.0,csv_fill
5,42,58500,1.0,1.0,csv_fill
5,42,59000,1.0,1.0,csv_fill
5,42,59500,1.0,1.0,csv_fill
5,42,60000,1.0,1.0,csv_fill
5,42,60500,1.0,1.0,csv_fill
5,42,61000,1.0,1.0,csv_fill
5,42,61500,1.0,1.0,csv_fill
5,42,62000,1.0,1.0,csv_fill
5,42,62500,1.0,1.0,csv_fill
5,42,63000,1.0,1.0,csv_fill
5,42,63500,1.0,1.0,csv_fill
5,42,64000,1.0,1.0,csv_fill
5,42,64500,1.0,1.0,csv_fill
5,42,65000,1.0,1.0,csv_fill
5,42,65500,1.0,1.0,csv_fill
5,42,66000,1.0,1.0,csv_fill
5,42,66500,1.0,1.0,csv_fill
5,42,67000,1.0,1.0,csv_fill
5,42,67500,1.0,1.0,csv_fill
5,42,68000,1.0,1.0,csv_fill
5,42,68500,1.0,1.0,csv_fill
5,42,69000,1.0,1.0,csv_fill
5,42,69500,1.0,1.0,csv_fill
5,42,70000,1.0,1.0,csv_fill
5,42,70500,1.0,1.0,csv_fill
6,1,500,0.133,0.159,jsonl
6,1,1000,0.148,0.145,jsonl
6,1,1500,0.145,0.1435,jsonl
6,1,2000,0.185,0.137,jsonl
6,1,2500,0.2,0.128,jsonl
6,1,3000,0.203,0.1385,jsonl
6,1,3500,0.169,0.1455,jsonl
6,1,4000,0.233,0.1295,jsonl
6,1,4500,0.236,0.1215,jsonl
6,1,5000,0.246,0.136,jsonl
6,1,5500,0.253,0.121,jsonl
6,1,6000,0.309,0.186,jsonl
6,1,6500,0.867,0.8305,jsonl
6,1,7000,0.981,0.975,jsonl
6,1,7500,0.965,0.9555,jsonl
6,1,8000,0.979,0.9805,jsonl
6,1,8500,0.982,0.9695,jsonl
6,1,9000,0.977,0.9845,jsonl
6,1,9500,0.991,0.9855,jsonl
6,1,10000,0.986,0.9825,jsonl
6,1,10500,0.999,0.9985,jsonl
6,1,11000,1.0,1.0,jsonl
6,1,11500,1.0,1.0,jsonl
6,1,12000,1.0,1.0,jsonl
6,1,12500,1.0,1.0,jsonl
6,1,13000,1.0,1.0,jsonl
6,1,13500,1.0,1.0,jsonl
6,1,14000,1.0,1.0,jsonl
6,1,14500,1.0,1.0,jsonl
6,1,15000,1.0,1.0,jsonl
6,1,15500,1.0,1.0,jsonl
6,1,16000,1.0,1.0,jsonl
6,1,16500,1.0,1.0,jsonl
6,1,17000,1.0,1.0,jsonl
6,1,17500,1.0,1.0,jsonl
6,1,18000,1.0,1.0,jsonl
6,1,18500,1.0,1.0,jsonl
6,1,19000,1.0,1.0,jsonl
6,1,19500,1.0,1.0,jsonl
6,1,20000,1.0,1.0,jsonl
6,1,20500,1.0,1.0,jsonl
6,1,21000,1.0,1.0,jsonl
6,1,21500,1.0,1.0,jsonl
6,1,22000,1.0,1.0,jsonl
6,1,22500,1.0,1.0,jsonl
6,1,23000,1.0,1.0,jsonl
6,1,23500,1.0,1.0,jsonl
6,1,24000,1.0,1.0,jsonl
6,1,24500,1.0,1.0,jsonl
6,1,25000,1.0,1.0,jsonl
6,1,25500,1.0,1.0,jsonl
6,1,26000,1.0,1.0,jsonl
6,1,26500,1.0,1.0,jsonl
6,1,27000,1.0,1.0,jsonl
6,1,27500,1.0,1.0,jsonl
6,1,28000,1.0,1.0,jsonl
6,1,28500,1.0,1.0,jsonl
6,1,29000,1.0,1.0,jsonl
6,1,29500,1.0,1.0,jsonl
6,1,30000,1.0,1.0,jsonl
6,1,30500,1.0,1.0,jsonl
6,1,31000,1.0,1.0,jsonl
6,1,31500,1.0,1.0,jsonl
6,1,32000,1.0,1.0,jsonl
6,1,32500,1.0,1.0,jsonl
6,1,33000,1.0,1.0,jsonl
6,1,33500,1.0,1.0,jsonl
6,1,34000,1.0,1.0,jsonl
6,1,34500,1.0,1.0,jsonl
6,1,35000,1.0,1.0,jsonl
6,1,35500,1.0,1.0,jsonl
6,1,36000,1.0,1.0,jsonl
6,1,36500,1.0,1.0,jsonl
6,1,37000,1.0,1.0,jsonl
6,1,37500,1.0,1.0,jsonl
6,1,38000,1.0,1.0,jsonl
6,1,38500,1.0,1.0,jsonl
6,1,39000,1.0,1.0,jsonl
6,1,39500,1.0,1.0,jsonl
6,1,40000,1.0,1.0,jsonl
6,1,40500,1.0,1.0,jsonl
6,1,41000,1.0,1.0,jsonl
6,1,41500,1.0,1.0,jsonl
6,1,42000,1.0,1.0,jsonl
6,1,42500,1.0,1.0,jsonl
6,1,43000,1.0,1.0,jsonl
6,1,43500,1.0,1.0,jsonl
6,1,44000,1.0,1.0,jsonl
6,1,44500,1.0,1.0,jsonl
6,1,45000,1.0,1.0,jsonl
6,1,45500,1.0,1.0,jsonl
6,1,46000,1.0,1.0,jsonl
6,1,46500,1.0,1.0,jsonl
6,1,47000,1.0,1.0,jsonl
6,1,47500,1.0,1.0,jsonl
6,1,48000,1.0,1.0,jsonl
6,1,48500,1.0,1.0,jsonl
6,1,49000,1.0,1.0,jsonl
6,1,49500,1.0,1.0,jsonl
6,1,50000,1.0,1.0,jsonl
6,1,50500,1.0,1.0,jsonl
6,1,51000,1.0,1.0,jsonl
6,1,51500,1.0,1.0,jsonl
6,1,52000,1.0,1.0,jsonl
6,1,52500,1.0,1.0,jsonl
6,1,53000,1.0,1.0,jsonl
6,1,53500,1.0,1.0,jsonl
6,1,54000,1.0,1.0,jsonl
6,1,54500,1.0,1.0,jsonl
6,1,55000,1.0,1.0,jsonl
6,1,55500,1.0,1.0,jsonl
6,1,56000,1.0,1.0,jsonl
6,1,56500,1.0,1.0,jsonl
6,1,57000,1.0,1.0,jsonl
6,1,57500,1.0,1.0,jsonl
6,1,58000,1.0,1.0,jsonl
6,1,58500,1.0,1.0,jsonl
6,1,59000,1.0,1.0,jsonl
6,1,59500,1.0,1.0,jsonl
6,1,60000,1.0,1.0,jsonl
6,1,60500,1.0,1.0,jsonl
6,1,61000,1.0,1.0,jsonl
6,1,61500,1.0,1.0,jsonl
6,1,62000,1.0,1.0,jsonl
6,1,62500,1.0,1.0,jsonl
6,1,63000,1.0,1.0,jsonl
6,1,63500,1.0,1.0,jsonl
6,1,64000,1.0,1.0,jsonl
6,1,64500,1.0,1.0,jsonl
6,1,65000,1.0,1.0,jsonl
6,1,65500,1.0,1.0,jsonl
6,1,66000,1.0,1.0,jsonl
6,1,66500,1.0,1.0,jsonl
6,1,67000,1.0,1.0,jsonl
6,1,67500,1.0,1.0,jsonl
6,1,68000,1.0,1.0,jsonl
6,1,68500,1.0,1.0,jsonl
6,1,69000,1.0,1.0,jsonl
6,1,69500,1.0,1.0,jsonl
6,1,70000,1.0,1.0,jsonl
6,1,70500,1.0,1.0,jsonl
6,2,500,0.154,0.1295,jsonl
6,2,1000,0.133,0.1525,jsonl
6,2,1500,0.152,0.1405,jsonl
6,2,2000,0.197,0.142,jsonl
6,2,2500,0.223,0.1245,jsonl
6,2,3000,0.21,0.139,jsonl
6,2,3500,0.204,0.124,jsonl
6,2,4000,0.241,0.1205,jsonl
6,2,4500,0.241,0.133,jsonl
6,2,5000,0.252,0.1335,jsonl
6,2,5500,0.306,0.172,jsonl
6,2,6000,0.939,0.909,jsonl
6,2,6500,0.965,0.9565,jsonl
6,2,7000,0.994,0.992,jsonl
6,2,7500,0.995,0.995,jsonl
6,2,8000,0.992,0.993,jsonl
6,2,8500,0.997,0.9925,jsonl
6,2,9000,0.99,0.9845,jsonl
6,2,9500,0.99,0.991,jsonl
6,2,10000,0.999,0.999,jsonl
6,2,10500,1.0,0.999,jsonl
6,2,11000,1.0,1.0,jsonl
6,2,11500,1.0,1.0,jsonl
6,2,12000,1.0,1.0,jsonl
6,2,12500,1.0,1.0,jsonl
6,2,13000,1.0,1.0,jsonl
6,2,13500,1.0,1.0,jsonl
6,2,14000,1.0,1.0,jsonl
6,2,14500,1.0,1.0,jsonl
6,2,15000,1.0,1.0,jsonl
6,2,15500,1.0,1.0,jsonl
6,2,16000,1.0,1.0,jsonl
6,2,16500,1.0,1.0,jsonl
6,2,17000,1.0,1.0,jsonl
6,2,17500,1.0,1.0,jsonl
6,2,18000,1.0,1.0,jsonl
6,2,18500,1.0,1.0,jsonl
6,2,19000,1.0,1.0,jsonl
6,2,19500,1.0,1.0,jsonl
6,2,20000,1.0,1.0,jsonl
6,2,20500,1.0,1.0,jsonl
6,2,21000,1.0,1.0,jsonl
6,2,21500,1.0,1.0,jsonl
6,2,22000,1.0,1.0,jsonl
6,2,22500,1.0,1.0,jsonl
6,2,23000,1.0,1.0,jsonl
6,2,23500,1.0,1.0,jsonl
6,2,24000,1.0,1.0,jsonl
6,2,24500,1.0,1.0,jsonl
6,2,25000,1.0,1.0,jsonl
6,2,25500,1.0,1.0,jsonl
6,2,26000,1.0,1.0,jsonl
6,2,26500,1.0,1.0,jsonl
6,2,27000,1.0,1.0,jsonl
6,2,27500,1.0,1.0,jsonl
6,2,28000,1.0,1.0,jsonl
6,2,28500,1.0,1.0,jsonl
6,2,29000,1.0,1.0,jsonl
6,2,29500,1.0,1.0,jsonl
6,2,30000,1.0,1.0,jsonl
6,2,30500,1.0,1.0,jsonl
6,2,31000,1.0,1.0,jsonl
6,2,31500,1.0,1.0,jsonl
6,2,32000,1.0,1.0,jsonl
6,2,32500,1.0,1.0,jsonl
6,2,33000,1.0,1.0,jsonl
6,2,33500,1.0,1.0,jsonl
6,2,34000,1.0,1.0,jsonl
6,2,34500,1.0,1.0,jsonl
6,2,35000,1.0,1.0,jsonl
6,2,35500,1.0,1.0,jsonl
6,2,36000,1.0,1.0,jsonl
6,2,36500,1.0,1.0,jsonl
6,2,37000,1.0,1.0,jsonl
6,2,37500,1.0,1.0,jsonl
6,2,38000,1.0,1.0,jsonl
6,2,38500,1.0,1.0,jsonl
6,2,39000,1.0,1.0,jsonl
6,2,39500,1.0,1.0,jsonl
6,2,40000,1.0,1.0,jsonl
6,2,40500,1.0,1.0,jsonl
6,2,41000,1.0,1.0,jsonl
6,2,41500,1.0,1.0,jsonl
6,2,42000,1.0,1.0,jsonl
6,2,42500,1.0,1.0,jsonl
6,2,43000,1.0,1.0,jsonl
6,2,43500,1.0,1.0,jsonl
6,2,44000,1.0,1.0,jsonl
6,2,44500,1.0,1.0,jsonl
6,2,45000,1.0,1.0,jsonl
6,2,45500,1.0,1.0,jsonl
6,2,46000,1.0,1.0,jsonl
6,2,46500,1.0,1.0,jsonl
6,2,47000,1.0,1.0,jsonl
6,2,47500,1.0,1.0,jsonl
6,2,48000,1.0,1.0,jsonl
6,2,48500,1.0,1.0,jsonl
6,2,49000,1.0,1.0,jsonl
6,2,49500,1.0,1.0,jsonl
6,2,50000,1.0,1.0,jsonl
6,2,50500,1.0,1.0,jsonl
6,2,51000,1.0,1.0,jsonl
6,2,51500,1.0,1.0,jsonl
6,2,52000,1.0,1.0,jsonl
6,2,52500,1.0,1.0,jsonl
6,2,53000,1.0,1.0,jsonl
6,2,53500,1.0,1.0,jsonl
6,2,54000,1.0,1.0,jsonl
6,2,54500,1.0,1.0,jsonl
6,2,55000,1.0,1.0,jsonl
6,2,55500,1.0,1.0,jsonl
6,2,56000,1.0,1.0,jsonl
6,2,56500,1.0,1.0,jsonl
6,2,57000,1.0,1.0,jsonl
6,2,57500,1.0,1.0,jsonl
6,2,58000,1.0,1.0,jsonl
6,2,58500,1.0,1.0,jsonl
6,2,59000,1.0,1.0,jsonl
6,2,59500,1.0,1.0,jsonl
6,2,60000,1.0,1.0,jsonl
6,2,60500,1.0,1.0,jsonl
6,2,61000,1.0,1.0,jsonl
6,2,61500,1.0,1.0,jsonl
6,2,62000,1.0,1.0,jsonl
6,2,62500,1.0,1.0,jsonl
6,2,63000,1.0,1.0,jsonl
6,2,63500,1.0,1.0,jsonl
6,2,64000,1.0,1.0,jsonl
6,2,64500,1.0,1.0,jsonl
6,2,65000,1.0,1.0,jsonl
6,2,65500,1.0,1.0,jsonl
6,2,66000,1.0,1.0,jsonl
6,2,66500,1.0,1.0,jsonl
6,2,67000,1.0,1.0,jsonl
6,2,67500,1.0,1.0,jsonl
6,2,68000,1.0,1.0,jsonl
6,2,68500,1.0,1.0,jsonl
6,2,69000,1.0,1.0,jsonl
6,2,69500,1.0,1.0,jsonl
6,2,70000,1.0,1.0,jsonl
6,2,70500,1.0,1.0,jsonl
6,42,0,0.0,0.0,csv
6,42,250,,0.1525,csv
6,42,500,,0.148,csv
6,42,750,,0.15,csv
6,42,1000,0.1426,0.148,csv
6,42,1250,,0.146,csv
6,42,1500,,0.1505,csv
6,42,1750,,0.1315,csv
6,42,2000,0.1782,0.1205,csv
6,42,2250,,0.1285,csv
6,42,2500,,0.132,csv
6,42,2750,,0.144,csv
6,42,3000,0.1958666667,0.1275,csv
6,42,3250,,0.1205,csv
6,42,3500,,0.132,csv
6,42,3750,,0.1265,csv
6,42,4000,0.2261333333,0.1255,csv
6,42,4250,,0.1245,csv
6,42,4500,,0.129,csv
6,42,4750,,0.137,csv
6,42,5000,0.1725333333,0.154,csv
6,42,5250,,0.1235,csv
6,42,5500,,0.125,csv
6,42,5750,,0.137,csv
6,42,6000,0.1896666667,0.1435,csv
6,42,6250,,0.1375,csv
6,42,6500,,0.1405,csv
6,42,6750,,0.124,csv
6,42,7000,0.2346666667,0.1425,csv
6,42,7250,,0.2455,csv
6,42,7500,,0.6995,csv
6,42,7750,,0.8725,csv
6,42,8000,0.93,0.8985,csv
6,42,8250,,0.9675,csv
6,42,8500,,0.987,csv
6,42,8750,,0.956,csv
6,42,9000,0.9619333333,0.9475,csv
6,42,9250,,0.992,csv
6,42,9500,,0.994,csv
6,42,9750,,0.979,csv
6,42,10000,0.9976666667,0.9955,csv
6,42,10250,,0.9525,csv
6,42,10500,,0.9945,csv
6,42,10750,,0.9745,csv
6,42,11000,0.981,0.9725,csv
6,42,11500,1.0,1.0,csv_fill
6,42,12000,1.0,1.0,csv_fill
6,42,12500,1.0,1.0,csv_fill
6,42,13000,1.0,1.0,csv_fill
6,42,13500,1.0,1.0,csv_fill
6,42,14000,1.0,1.0,csv_fill
6,42,14500,1.0,1.0,csv_fill
6,42,15000,1.0,1.0,csv_fill
6,42,15500,1.0,1.0,csv_fill
6,42,16000,1.0,1.0,csv_fill
6,42,16500,1.0,1.0,csv_fill
6,42,17000,1.0,1.0,csv_fill
6,42,17500,1.0,1.0,csv_fill
6,42,18000,1.0,1.0,csv_fill
6,42,18500,1.0,1.0,csv_fill
6,42,19000,1.0,1.0,csv_fill
6,42,19500,1.0,1.0,csv_fill
6,42,20000,1.0,1.0,csv_fill
6,42,20500,1.0,1.0,csv_fill
6,42,21000,1.0,1.0,csv_fill
6,42,21500,1.0,1.0,csv_fill
6,42,22000,1.0,1.0,csv_fill
6,42,22500,1.0,1.0,csv_fill
6,42,23000,1.0,1.0,csv_fill
6,42,23500,1.0,1.0,csv_fill
6,42,24000,1.0,1.0,csv_fill
6,42,24500,1.0,1.0,csv_fill
6,42,25000,1.0,1.0,csv_fill
6,42,25500,1.0,1.0,csv_fill
6,42,26000,1.0,1.0,csv_fill
6,42,26500,1.0,1.0,csv_fill
6,42,27000,1.0,1.0,csv_fill
6,42,27500,1.0,1.0,csv_fill
6,42,28000,1.0,1.0,csv_fill
6,42,28500,1.0,1.0,csv_fill
6,42,29000,1.0,1.0,csv_fill
6,42,29500,1.0,1.0,csv_fill
6,42,30000,1.0,1.0,csv_fill
6,42,30500,1.0,1.0,csv_fill
6,42,31000,1.0,1.0,csv_fill
6,42,31500,1.0,1.0,csv_fill
6,42,32000,1.0,1.0,csv_fill
6,42,32500,1.0,1.0,csv_fill
6,42,33000,1.0,1.0,csv_fill
6,42,33500,1.0,1.0,csv_fill
6,42,34000,1.0,1.0,csv_fill
6,42,34500,1.0,1.0,csv_fill
6,42,35000,1.0,1.0,csv_fill
6,42,35500,1.0,1.0,csv_fill
6,42,36000,1.0,1.0,csv_fill
6,42,36500,1.0,1.0,csv_fill
6,42,37000,1.0,1.0,csv_fill
6,42,37500,1.0,1.0,csv_fill
6,42,38000,1.0,1.0,csv_fill
6,42,38500,1.0,1.0,csv_fill
6,42,39000,1.0,1.0,csv_fill
6,42,39500,1.0,1.0,csv_fill
6,42,40000,1.0,1.0,csv_fill
6,42,40500,1.0,1.0,csv_fill
6,42,41000,1.0,1.0,csv_fill
6,42,41500,1.0,1.0,csv_fill
6,42,42000,1.0,1.0,csv_fill
6,42,42500,1.0,1.0,csv_fill
6,42,43000,1.0,1.0,csv_fill
6,42,43500,1.0,1.0,csv_fill
6,42,44000,1.0,1.0,csv_fill
6,42,44500,1.0,1.0,csv_fill
6,42,45000,1.0,1.0,csv_fill
6,42,45500,1.0,1.0,csv_fill
6,42,46000,1.0,1.0,csv_fill
6,42,46500,1.0,1.0,csv_fill
6,42,47000,1.0,1.0,csv_fill
6,42,47500,1.0,1.0,csv_fill
6,42,48000,1.0,1.0,csv_fill
6,42,48500,1.0,1.0,csv_fill
6,42,49000,1.0,1.0,csv_fill
6,42,49500,1.0,1.0,csv_fill
6,42,50000,1.0,1.0,csv_fill
6,42,50500,1.0,1.0,csv_fill
6,42,51000,1.0,1.0,csv_fill
6,42,51500,1.0,1.0,csv_fill
6,42,52000,1.0,1.0,csv_fill
6,42,52500,1.0,1.0,csv_fill
6,42,53000,1.0,1.0,csv_fill
6,42,53500,1.0,1.0,csv_fill
6,42,54000,1.0,1.0,csv_fill
6,42,54500,1.0,1.0,csv_fill
6,42,55000,1.0,1.0,csv_fill
6,42,55500,1.0,1.0,csv_fill
6,42,56000,1.0,1.0,csv_fill
6,42,56500,1.0,1.0,csv_fill
6,42,57000,1.0,1.0,csv_fill
6,42,57500,1.0,1.0,csv_fill
6,42,58000,1.0,1.0,csv_fill
6,42,58500,1.0,1.0,csv_fill
6,42,59000,1.0,1.0,csv_fill
6,42,59500,1.0,1.0,csv_fill
6,42,60000,1.0,1.0,csv_fill
6,42,60500,1.0,1.0,csv_fill
6,42,61000,1.0,1.0,csv_fill
6,42,61500,1.0,1.0,csv_fill
6,42,62000,1.0,1.0,csv_fill
6,42,62500,1.0,1.0,csv_fill
6,42,63000,1.0,1.0,csv_fill
6,42,63500,1.0,1.0,csv_fill
6,42,64000,1.0,1.0,csv_fill
6,42,64500,1.0,1.0,csv_fill
6,42,65000,1.0,1.0,csv_fill
6,42,65500,1.0,1.0,csv_fill
6,42,66000,1.0,1.0,csv_fill
6,42,66500,1.0,1.0,csv_fill
6,42,67000,1.0,1.0,csv_fill
6,42,67500,1.0,1.0,csv_fill
6,42,68000,1.0,1.0,csv_fill
6,42,68500,1.0,1.0,csv_fill
6,42,69000,1.0,1.0,csv_fill
6,42,69500,1.0,1.0,csv_fill
6,42,70000,1.0,1.0,csv_fill
6,42,70500,1.0,1.0,csv_fill
7,4,500,0.127,0.128,jsonl
7,4,1000,0.135,0.1385,jsonl
7,4,1500,0.151,0.1415,jsonl
7,4,2000,0.221,0.25,jsonl
7,4,2500,0.247,0.248,jsonl
7,4,3000,0.239,0.2455,jsonl
7,4,3500,0.244,0.253,jsonl
7,4,4000,0.289,0.2445,jsonl
7,4,4500,0.274,0.2475,jsonl
7,4,5000,0.31,0.2325,jsonl
7,4,5500,0.156,0.1235,jsonl
7,4,6000,0.289,0.2415,jsonl
7,4,6500,0.326,0.2495,jsonl
7,4,7000,0.298,0.26,jsonl
7,4,7500,0.339,0.246,jsonl
7,4,8000,0.322,0.244,jsonl
7,4,8500,0.344,0.2425,jsonl
7,4,9000,0.347,0.2405,jsonl
7,4,9500,0.356,0.238,jsonl
7,4,10000,0.398,0.2545,jsonl
7,4,10500,0.348,0.235,jsonl
7,4,11000,0.403,0.255,jsonl
7,4,11500,0.395,0.2505,jsonl
7,4,12000,0.432,0.2475,jsonl
7,4,12500,0.447,0.236,jsonl
7,4,13000,0.42,0.2545,jsonl
7,4,13500,0.477,0.2425,jsonl
7,4,14000,0.526,0.238,jsonl
7,4,14500,0.518,0.2455,jsonl
7,4,15000,0.592,0.227,jsonl
7,4,15500,0.481,0.2365,jsonl
7,4,16000,0.628,0.234,jsonl
7,4,16500,0.666,0.2455,jsonl
7,4,17000,0.744,0.2485,jsonl
7,4,17500,0.792,0.258,jsonl
7,4,18000,0.846,0.268,jsonl
7,4,18500,0.881,0.2865,jsonl
7,4,19000,0.912,0.2895,jsonl
7,4,19500,0.915,0.2775,jsonl
7,4,20000,0.966,0.3235,jsonl
7,4,20500,0.985,0.3115,jsonl
7,4,21000,0.976,0.3265,jsonl
7,4,21500,0.982,0.3415,jsonl
7,4,22000,0.996,0.335,jsonl
7,4,22500,0.973,0.354,jsonl
7,4,23000,0.978,0.3435,jsonl
7,4,23500,0.987,0.3545,jsonl
7,4,24000,0.978,0.369,jsonl
7,4,24500,0.999,0.3805,jsonl
7,4,25000,1.0,0.3875,jsonl
7,4,25500,0.977,0.3895,jsonl
7,4,26000,0.995,0.3865,jsonl
7,4,26500,1.0,0.388,jsonl
7,4,27000,0.999,0.389,jsonl
7,4,27500,0.98,0.396,jsonl
7,4,28000,0.973,0.371,jsonl
7,4,28500,0.999,0.3985,jsonl
7,4,29000,0.998,0.4035,jsonl
7,4,29500,0.99,0.3995,jsonl
7,4,30000,0.997,0.4115,jsonl
7,4,30500,0.992,0.394,jsonl
7,4,31000,0.972,0.393,jsonl
7,4,31500,0.999,0.4205,jsonl
7,4,32000,1.0,0.4315,jsonl
7,4,32500,1.0,0.4115,jsonl
7,4,33000,0.998,0.413,jsonl
7,4,33500,1.0,0.428,jsonl
7,4,34000,1.0,0.4325,jsonl
7,4,34500,1.0,0.435,jsonl
7,4,35000,1.0,0.436,jsonl
7,4,35500,1.0,0.4365,jsonl
7,4,36000,1.0,0.436,jsonl
7,4,36500,1.0,0.4365,jsonl
7,4,37000,1.0,0.4375,jsonl
7,4,37500,1.0,0.4375,jsonl
7,4,38000,1.0,0.438,jsonl
7,4,38500,1.0,0.4385,jsonl
7,4,39000,1.0,0.438,jsonl
7,4,39500,1.0,0.437,jsonl
7,4,40000,1.0,0.437,jsonl
7,4,40500,1.0,0.4375,jsonl
7,4,41000,1.0,0.4385,jsonl
7,4,41500,1.0,0.4395,jsonl
7,4,42000,1.0,0.4395,jsonl
7,4,42500,1.0,0.44,jsonl
7,4,43000,1.0,0.4405,jsonl
7,4,43500,1.0,0.4385,jsonl
7,4,44000,1.0,0.4375,jsonl
7,4,44500,1.0,0.438,jsonl
7,4,45000,1.0,0.437,jsonl
7,4,45500,1.0,0.437,jsonl
7,4,46000,1.0,0.4375,jsonl
7,4,46500,1.0,0.437,jsonl
7,4,47000,1.0,0.437,jsonl
7,4,47500,1.0,0.4365,jsonl
7,4,48000,1.0,0.4385,jsonl
7,4,48500,1.0,0.4375,jsonl
7,4,49000,1.0,0.4375,jsonl
7,4,49500,1.0,0.439,jsonl
7,4,50000,1.0,0.438,jsonl
7,4,50500,1.0,0.438,jsonl
7,4,51000,1.0,0.4385,jsonl
7,4,51500,1.0,0.439,jsonl
7,4,52000,1.0,0.4385,jsonl
7,4,52500,1.0,0.4385,jsonl
7,4,53000,1.0,0.4385,jsonl
7,4,53500,1.0,0.4385,jsonl
7,4,54000,1.0,0.4385,jsonl
7,4,54500,1.0,0.439,jsonl
7,4,55000,1.0,0.439,jsonl
7,4,55500,1.0,0.439,jsonl
7,4,56000,1.0,0.439,jsonl
7,4,56500,1.0,0.439,jsonl
7,4,57000,1.0,0.4385,jsonl
7,4,57500,1.0,0.439,jsonl
7,4,58000,1.0,0.439,jsonl
7,4,58500,1.0,0.439,jsonl
7,4,59000,1.0,0.439,jsonl
7,4,59500,1.0,0.439,jsonl
7,4,60000,1.0,0.439,jsonl
7,4,60500,1.0,0.439,jsonl
7,4,61000,1.0,0.439,jsonl
7,4,61500,1.0,0.4395,jsonl
7,4,62000,1.0,0.4395,jsonl
7,4,62500,1.0,0.4395,jsonl
7,4,63000,1.0,0.4395,jsonl
7,4,63500,1.0,0.4395,jsonl
7,4,64000,1.0,0.4395,jsonl
7,4,64500,1.0,0.4395,jsonl
7,4,65000,1.0,0.4395,jsonl
7,4,65500,1.0,0.4395,jsonl
7,4,66000,1.0,0.4395,jsonl
7,4,66500,1.0,0.4395,jsonl
7,4,67000,1.0,0.4395,jsonl
7,4,67500,1.0,0.4395,jsonl
7,4,68000,1.0,0.4395,jsonl
7,4,68500,1.0,0.4395,jsonl
7,4,69000,1.0,0.4395,jsonl
7,4,69500,1.0,0.4395,jsonl
7,4,70000,1.0,0.4395,jsonl
7,4,70500,1.0,0.4395,jsonl
7,5,500,0.145,0.123,jsonl
7,5,1000,0.14,0.1245,jsonl
7,5,1500,0.198,0.169,jsonl
7,5,2000,0.246,0.2585,jsonl
7,5,2500,0.293,0.247,jsonl
7,5,3000,0.313,0.243,jsonl
7,5,3500,0.365,0.2435,jsonl
7,5,4000,0.367,0.246,jsonl
7,5,4500,0.364,0.232,jsonl
7,5,5000,0.384,0.248,jsonl
7,5,5500,0.435,0.235,jsonl
7,5,6000,0.401,0.2305,jsonl
7,5,6500,0.351,0.2425,jsonl
7,5,7000,0.453,0.233,jsonl
7,5,7500,0.441,0.2395,jsonl
7,5,8000,0.444,0.2275,jsonl
7,5,8500,0.509,0.238,jsonl
7,5,9000,0.509,0.2155,jsonl
7,5,9500,0.449,0.2235,jsonl
7,5,10000,0.558,0.224,jsonl
7,5,10500,0.604,0.2125,jsonl
7,5,11000,0.649,0.227,jsonl
7,5,11500,0.735,0.236,jsonl
7,5,12000,0.783,0.2305,jsonl
7,5,12500,0.871,0.261,jsonl
7,5,13000,0.912,0.298,jsonl
7,5,13500,0.917,0.3125,jsonl
7,5,14000,0.949,0.321,jsonl
7,5,14500,0.959,0.3495,jsonl
7,5,15000,0.993,0.3495,jsonl
7,5,15500,0.97,0.36,jsonl
7,5,16000,0.987,0.3565,jsonl
7,5,16500,0.983,0.3705,jsonl
7,5,17000,0.998,0.396,jsonl
7,5,17500,0.999,0.39,jsonl
7,5,18000,0.96,0.377,jsonl
7,5,18500,0.99,0.3955,jsonl
7,5,19000,0.999,0.422,jsonl
7,5,19500,0.981,0.414,jsonl
7,5,20000,0.986,0.4155,jsonl
7,5,20500,0.998,0.4395,jsonl
7,5,21000,0.994,0.419,jsonl
7,5,21500,0.999,0.429,jsonl
7,5,22000,0.989,0.421,jsonl
7,5,22500,0.982,0.4365,jsonl
7,5,23000,0.996,0.4185,jsonl
7,5,23500,0.994,0.4295,jsonl
7,5,24000,0.996,0.431,jsonl
7,5,24500,0.99,0.4365,jsonl
7,5,25000,1.0,0.44,jsonl
7,5,25500,0.996,0.4505,jsonl
7,5,26000,0.997,0.466,jsonl
7,5,26500,0.994,0.465,jsonl
7,5,27000,0.995,0.44,jsonl
7,5,27500,0.998,0.447,jsonl
7,5,28000,0.992,0.4575,jsonl
7,5,28500,0.998,0.4615,jsonl
7,5,29000,0.994,0.465,jsonl
7,5,29500,0.988,0.462,jsonl
7,5,30000,0.994,0.4775,jsonl
7,5,30500,0.999,0.478,jsonl
7,5,31000,1.0,0.4755,jsonl
7,5,31500,1.0,0.475,jsonl
7,5,32000,1.0,0.4745,jsonl
7,5,32500,1.0,0.474,jsonl
7,5,33000,1.0,0.4755,jsonl
7,5,33500,1.0,0.477,jsonl
7,5,34000,1.0,0.4775,jsonl
7,5,34500,1.0,0.479,jsonl
7,5,35000,1.0,0.4785,jsonl
7,5,35500,1.0,0.481,jsonl
7,5,36000,1.0,0.482,jsonl
7,5,36500,1.0,0.4805,jsonl
7,5,37000,1.0,0.4815,jsonl
7,5,37500,1.0,0.482,jsonl
7,5,38000,1.0,0.4825,jsonl
7,5,38500,1.0,0.482,jsonl
7,5,39000,1.0,0.4805,jsonl
7,5,39500,1.0,0.4805,jsonl
7,5,40000,1.0,0.479,jsonl
7,5,40500,1.0,0.479,jsonl
7,5,41000,1.0,0.481,jsonl
7,5,41500,1.0,0.4825,jsonl
7,5,42000,1.0,0.482,jsonl
7,5,42500,1.0,0.4825,jsonl
7,5,43000,1.0,0.4835,jsonl
7,5,43500,1.0,0.484,jsonl
7,5,44000,1.0,0.483,jsonl
7,5,44500,1.0,0.4835,jsonl
7,5,45000,1.0,0.4835,jsonl
7,5,45500,1.0,0.483,jsonl
7,5,46000,1.0,0.483,jsonl
7,5,46500,1.0,0.483,jsonl
7,5,47000,1.0,0.483,jsonl
7,5,47500,1.0,0.4825,jsonl
7,5,48000,1.0,0.482,jsonl
7,5,48500,1.0,0.482,jsonl
7,5,49000,1.0,0.4815,jsonl
7,5,49500,1.0,0.482,jsonl
7,5,50000,1.0,0.4825,jsonl
7,5,50500,1.0,0.483,jsonl
7,5,51000,1.0,0.483,jsonl
7,5,51500,1.0,0.483,jsonl
7,5,52000,1.0,0.483,jsonl
7,5,52500,1.0,0.4835,jsonl
7,5,53000,1.0,0.483,jsonl
7,5,53500,1.0,0.4835,jsonl
7,5,54000,1.0,0.4835,jsonl
7,5,54500,1.0,0.4835,jsonl
7,5,55000,1.0,0.4835,jsonl
7,5,55500,1.0,0.484,jsonl
7,5,56000,1.0,0.484,jsonl
7,5,56500,1.0,0.4835,jsonl
7,5,57000,1.0,0.484,jsonl
7,5,57500,1.0,0.484,jsonl
7,5,58000,1.0,0.484,jsonl
7,5,58500,1.0,0.484,jsonl
7,5,59000,1.0,0.4845,jsonl
7,5,59500,1.0,0.485,jsonl
7,5,60000,1.0,0.485,jsonl
7,5,60500,1.0,0.485,jsonl
7,5,61000,1.0,0.485,jsonl
7,5,61500,1.0,0.485,jsonl
7,5,62000,1.0,0.485,jsonl
7,5,62500,1.0,0.485,jsonl
7,5,63000,1.0,0.485,jsonl
7,5,63500,1.0,0.485,jsonl
7,5,64000,1.0,0.485,jsonl
7,5,64500,1.0,0.485,jsonl
7,5,65000,1.0,0.485,jsonl
7,5,65500,1.0,0.485,jsonl
7,5,66000,1.0,0.485,jsonl
7,5,66500,1.0,0.485,jsonl
7,5,67000,1.0,0.485,jsonl
7,5,67500,1.0,0.485,jsonl
7,5,68000,1.0,0.485,jsonl
7,5,68500,1.0,0.485,jsonl
7,5,69000,1.0,0.485,jsonl
7,5,69500,1.0,0.485,jsonl
7,5,70000,1.0,0.485,jsonl
7,5,70500,1.0,0.485,jsonl
7,42,0,0.0,0.0,csv
7,42,250,,0.1225,csv
7,42,500,,0.126,csv
7,42,750,,0.1275,csv
7,42,1000,0.1349333333,0.118,csv
7,42,1250,,0.1255,csv
7,42,1500,,0.126,csv
7,42,1750,,0.2555,csv
7,42,2000,0.2605333333,0.255,csv
7,42,2250,,0.247,csv
7,42,2500,,0.2435,csv
7,42,2750,,0.242,csv
7,42,3000,0.2620666667,0.226,csv
7,42,3250,,0.254,csv
7,42,3500,,0.2425,csv
7,42,3750,,0.245,csv
7,42,4000,0.2832666667,0.243,csv
7,42,4250,,0.244,csv
7,42,4500,,0.241,csv
7,42,4750,,0.2415,csv
7,42,5000,0.3232,0.2355,csv
7,42,5250,,0.2535,csv
7,42,5500,,0.2485,csv
7,42,5750,,0.2545,csv
7,42,6000,0.3655333333,0.2545,csv
7,42,6250,,0.2515,csv
7,42,6500,,0.237,csv
7,42,6750,,0.2415,csv
7,42,7000,0.4180666667,0.2515,csv
7,42,7250,,0.244,csv
7,42,7500,,0.2275,csv
7,42,7750,,0.23,csv
7,42,8000,0.4889333333,0.242,csv
7,42,8250,,0.2415,csv
7,42,8500,,0.229,csv
7,42,8750,,0.2405,csv
7,42,9000,0.5686,0.23,csv
7,42,9250,,0.247,csv
7,42,9500,,0.226,csv
7,42,9750,,0.2445,csv
7,42,10000,0.663,0.2495,csv
7,42,10250,,0.2485,csv
7,42,10500,,0.2565,csv
7,42,10750,,0.273,csv
7,42,11000,0.7277333333,0.2565,csv
7,42,11250,,0.281,csv
7,42,11500,,0.2885,csv
7,42,11750,,0.2965,csv
7,42,12000,0.8707333333,0.32,csv
7,42,12250,,0.3165,csv
7,42,12500,,0.317,csv
7,42,12750,,0.333,csv
7,42,13000,0.936,0.3315,csv
7,42,13250,,0.342,csv
7,42,13500,,0.337,csv
7,42,13750,,0.3405,csv
7,42,14000,0.9474666667,0.354,csv
7,42,14250,,0.3535,csv
7,42,14500,,0.3625,csv
7,42,14750,,0.368,csv
7,42,15000,0.9892666667,0.3725,csv
7,42,15250,,0.3505,csv
7,42,15500,,0.3725,csv
7,42,15750,,0.341,csv
7,42,16000,0.9652,0.3915,csv
7,42,16250,,0.386,csv
7,42,16500,,0.3945,csv
7,42,16750,,0.406,csv
7,42,17000,0.9995333333,0.4075,csv
7,42,17250,,0.4005,csv
7,42,17500,,0.394,csv
7,42,17750,,0.3815,csv
7,42,18000,0.9671333333,0.4065,csv
7,42,18250,,0.3935,csv
7,42,18500,,0.41,csv
7,42,18750,,0.4275,csv
7,42,19000,0.9958,0.434,csv
7,42,19250,,0.4155,csv
7,42,19500,,0.4265,csv
7,42,19750,,0.403,csv
7,42,20000,0.9812666667,0.419,csv
7,42,20250,,0.4225,csv
7,42,20500,,0.4345,csv
7,42,20750,,0.44,csv
7,42,21000,0.9876666667,0.436,csv
7,42,21250,,0.4555,csv
7,42,21500,,0.4365,csv
7,42,21750,,0.4295,csv
7,42,22000,0.9808,0.4175,csv
7,42,22250,,0.4625,csv
7,42,22500,,0.467,csv
7,42,22750,,0.477,csv
7,42,23000,0.9944,0.4605,csv
7,42,23250,,0.457,csv
7,42,23500,,0.454,csv
7,42,23750,,0.437,csv
7,42,24000,0.9873333333,0.4505,csv
7,42,24250,,0.459,csv
7,42,24500,,0.4735,csv
7,42,24750,,0.488,csv
7,42,25000,0.9916,0.4695,csv
7,42,25250,,0.47,csv
7,42,25500,,0.4635,csv
7,42,25750,,0.467,csv
7,42,26000,0.9985333333,0.479,csv
7,42,26250,,0.474,csv
7,42,26500,,0.472,csv
7,42,26750,,0.4665,csv
7,42,27000,0.9772,0.462,csv
7,42,27250,,0.46,csv
7,42,27500,,0.4775,csv
7,42,27750,,0.476,csv
7,42,28000,0.9967333333,0.4855,csv
7,42,28250,,0.4775,csv
7,42,28500,,0.492,csv
7,42,28750,,0.486,csv
7,42,29000,0.9960666667,0.4785,csv
7,42,29250,,0.496,csv
7,42,29500,,0.499,csv
7,42,29750,,0.5025,csv
7,42,30000,0.9998,0.4995,csv
8,4,500,0.128,0.1045,jsonl
8,4,1000,0.114,0.1,jsonl
8,4,1500,0.109,0.114,jsonl
8,4,2000,0.137,0.109,jsonl
8,4,2500,0.174,0.1205,jsonl
8,4,3000,0.134,0.117,jsonl
8,4,3500,0.164,0.1055,jsonl
8,4,4000,0.188,0.106,jsonl
8,4,4500,0.184,0.1025,jsonl
8,4,5000,0.225,0.0915,jsonl
8,4,5500,0.233,0.1015,jsonl
8,4,6000,0.198,0.1025,jsonl
8,4,6500,0.24,0.108,jsonl
8,4,7000,0.258,0.1085,jsonl
8,4,7500,0.437,0.3165,jsonl
8,4,8000,0.804,0.769,jsonl
8,4,8500,0.925,0.907,jsonl
8,4,9000,0.946,0.917,jsonl
8,4,9500,0.975,0.97,jsonl
8,4,10000,0.985,0.978,jsonl
8,4,10500,0.992,0.981,jsonl
8,4,11000,0.968,0.944,jsonl
8,4,11500,0.991,0.98,jsonl
8,4,12000,0.953,0.9535,jsonl
8,4,12500,0.977,0.968,jsonl
8,4,13000,0.997,0.996,jsonl
8,4,13500,0.995,0.9935,jsonl
8,4,14000,0.958,0.951,jsonl
8,4,14500,0.949,0.9485,jsonl
8,4,15000,0.989,0.9845,jsonl
8,4,15500,0.986,0.981,jsonl
8,4,16000,0.998,0.998,jsonl
8,4,16500,0.998,0.993,jsonl
8,4,17000,0.973,0.966,jsonl
8,4,17500,0.997,0.997,jsonl
8,4,18000,0.999,0.9965,jsonl
8,4,18500,0.946,0.9225,jsonl
8,4,19000,1.0,0.9945,jsonl
8,4,19500,0.994,0.98,jsonl
8,4,20000,1.0,0.9955,jsonl
8,4,20500,0.995,0.988,jsonl
8,4,21000,1.0,0.996,jsonl
8,4,21500,1.0,0.999,jsonl
8,4,22000,1.0,0.9995,jsonl
8,4,22500,1.0,0.999,jsonl
8,4,23000,1.0,0.9995,jsonl
8,4,23500,1.0,0.9995,jsonl
8,4,24000,1.0,0.9995,jsonl
8,4,24500,1.0,0.9995,jsonl
8,4,25000,1.0,0.9995,jsonl
8,4,25500,1.0,0.9995,jsonl
8,4,26000,1.0,0.9995,jsonl
8,4,26500,1.0,0.9995,jsonl
8,4,27000,1.0,0.9995,jsonl
8,4,27500,1.0,0.9995,jsonl
8,4,28000,1.0,0.9995,jsonl
8,4,28500,1.0,0.9995,jsonl
8,4,29000,1.0,0.9995,jsonl
8,4,29500,1.0,0.9995,jsonl
8,4,30000,1.0,0.9995,jsonl
8,4,30500,1.0,0.9995,jsonl
8,4,31000,1.0,0.9995,jsonl
8,4,31500,1.0,0.9995,jsonl
8,4,32000,1.0,0.9995,jsonl
8,4,32500,1.0,0.9995,jsonl
8,4,33000,1.0,0.9995,jsonl
8,4,33500,1.0,0.9995,jsonl
8,4,34000,1.0,0.999,jsonl
8,4,34500,1.0,0.999,jsonl
8,4,35000,1.0,0.999,jsonl
8,4,35500,1.0,0.999,jsonl
8,4,36000,1.0,0.999,jsonl
8,4,36500,1.0,0.999,jsonl
8,4,37000,1.0,0.999,jsonl
8,4,37500,1.0,0.999,jsonl
8,4,38000,1.0,0.999,jsonl
8,4,38500,1.0,0.999,jsonl
8,4,39000,1.0,0.999,jsonl
8,4,39500,1.0,0.999,jsonl
8,4,40000,1.0,0.999,jsonl
8,4,40500,1.0,0.999,jsonl
8,4,41000,1.0,0.999,jsonl
8,4,41500,1.0,0.999,jsonl
8,4,42000,1.0,0.999,jsonl
8,4,42500,1.0,0.999,jsonl
8,4,43000,1.0,0.999,jsonl
8,4,43500,1.0,0.999,jsonl
8,4,44000,1.0,0.999,jsonl
8,4,44500,1.0,0.999,jsonl
8,4,45000,1.0,0.999,jsonl
8,4,45500,1.0,0.999,jsonl
8,4,46000,1.0,0.999,jsonl
8,4,46500,1.0,0.999,jsonl
8,4,47000,1.0,0.999,jsonl
8,4,47500,1.0,0.999,jsonl
8,4,48000,1.0,0.999,jsonl
8,4,48500,1.0,0.999,jsonl
8,4,49000,1.0,0.999,jsonl
8,4,49500,1.0,0.999,jsonl
8,4,50000,1.0,0.999,jsonl
8,4,50500,1.0,0.999,jsonl
8,4,51000,1.0,0.999,jsonl
8,4,51500,1.0,0.999,jsonl
8,4,52000,1.0,0.999,jsonl
8,4,52500,1.0,0.999,jsonl
8,4,53000,1.0,0.999,jsonl
8,4,53500,1.0,0.999,jsonl
8,4,54000,1.0,0.999,jsonl
8,4,54500,1.0,0.999,jsonl
8,4,55000,1.0,0.999,jsonl
8,4,55500,1.0,0.999,jsonl
8,4,56000,1.0,0.999,jsonl
8,4,56500,1.0,0.999,jsonl
8,4,57000,1.0,0.999,jsonl
8,4,57500,1.0,0.999,jsonl
8,4,58000,1.0,0.999,jsonl
8,4,58500,1.0,0.999,jsonl
8,4,59000,1.0,0.999,jsonl
8,4,59500,1.0,0.999,jsonl
8,4,60000,1.0,0.999,jsonl
8,4,60500,1.0,0.999,jsonl
8,4,61000,1.0,0.999,jsonl
8,4,61500,1.0,0.999,jsonl
8,4,62000,1.0,0.999,jsonl
8,4,62500,1.0,0.999,jsonl
8,4,63000,1.0,0.999,jsonl
8,4,63500,1.0,0.999,jsonl
8,4,64000,1.0,0.999,jsonl
8,4,64500,1.0,0.999,jsonl
8,4,65000,1.0,0.999,jsonl
8,4,65500,1.0,0.999,jsonl
8,4,66000,1.0,0.999,jsonl
8,4,66500,1.0,0.999,jsonl
8,4,67000,1.0,0.999,jsonl
8,4,67500,1.0,0.999,jsonl
8,4,68000,1.0,0.999,jsonl
8,4,68500,1.0,0.999,jsonl
8,4,69000,1.0,0.999,jsonl
8,4,69500,1.0,0.999,jsonl
8,4,70000,1.0,0.999,jsonl
8,4,70500,1.0,0.999,jsonl
8,5,500,0.108,0.1125,jsonl
8,5,1000,0.103,0.1075,jsonl
8,5,1500,0.124,0.0985,jsonl
8,5,2000,0.124,0.1145,jsonl
8,5,2500,0.125,0.109,jsonl
8,5,3000,0.144,0.108,jsonl
8,5,3500,0.172,0.109,jsonl
8,5,4000,0.173,0.103,jsonl
8,5,4500,0.241,0.1005,jsonl
8,5,5000,0.261,0.1145,jsonl
8,5,5500,0.6,0.5175,jsonl
8,5,6000,0.865,0.838,jsonl
8,5,6500,0.973,0.9535,jsonl
8,5,7000,0.969,0.951,jsonl
8,5,7500,0.973,0.9615,jsonl
8,5,8000,0.987,0.98,jsonl
8,5,8500,0.991,0.99,jsonl
8,5,9000,0.988,0.9865,jsonl
8,5,9500,0.997,0.992,jsonl
8,5,10000,0.995,0.987,jsonl
8,5,10500,0.992,0.9905,jsonl
8,5,11000,0.994,0.99,jsonl
8,5,11500,0.972,0.9625,jsonl
8,5,12000,0.999,0.9945,jsonl
8,5,12500,0.986,0.977,jsonl
8,5,13000,0.995,0.996,jsonl
8,5,13500,1.0,0.9965,jsonl
8,5,14000,0.969,0.965,jsonl
8,5,14500,0.995,0.995,jsonl
8,5,15000,1.0,0.9985,jsonl
8,5,15500,0.996,0.9925,jsonl
8,5,16000,0.99,0.988,jsonl
8,5,16500,0.999,0.9965,jsonl
8,5,17000,0.954,0.943,jsonl
8,5,17500,0.999,0.997,jsonl
8,5,18000,1.0,0.9995,jsonl
8,5,18500,1.0,0.9995,jsonl
8,5,19000,1.0,0.9995,jsonl
8,5,19500,1.0,0.9995,jsonl
8,5,20000,1.0,0.9995,jsonl
8,5,20500,1.0,0.9995,jsonl
8,5,21000,1.0,0.9995,jsonl
8,5,21500,1.0,0.9995,jsonl
8,5,22000,1.0,0.9995,jsonl
8,5,22500,1.0,0.9995,jsonl
8,5,23000,1.0,0.9995,jsonl
8,5,23500,1.0,0.9995,jsonl
8,5,24000,1.0,0.9995,jsonl
8,5,24500,1.0,0.9995,jsonl
8,5,25000,1.0,0.9995,jsonl
8,5,25500,1.0,0.9995,jsonl
8,5,26000,1.0,0.9995,jsonl
8,5,26500,1.0,0.9995,jsonl
8,5,27000,1.0,0.9995,jsonl
8,5,27500,1.0,0.9995,jsonl
8,5,28000,1.0,0.9995,jsonl
8,5,28500,1.0,0.9995,jsonl
8,5,29000,1.0,0.9995,jsonl
8,5,29500,1.0,0.9995,jsonl
8,5,30000,1.0,0.9995,jsonl
8,5,30500,1.0,0.9995,jsonl
8,5,31000,1.0,0.9995,jsonl
8,5,31500,1.0,0.9995,jsonl
8,5,32000,1.0,0.9995,jsonl
8,5,32500,1.0,0.9995,jsonl
8,5,33000,1.0,0.9995,jsonl
8,5,33500,1.0,0.9995,jsonl
8,5,34000,1.0,0.9995,jsonl
8,5,34500,1.0,0.9995,jsonl
8,5,35000,1.0,0.9995,jsonl
8,5,35500,1.0,0.9995,jsonl
8,5,36000,1.0,0.9995,jsonl
8,5,36500,1.0,0.9995,jsonl
8,5,37000,1.0,0.9995,jsonl
8,5,37500,1.0,0.9995,jsonl
8,5,38000,1.0,0.9995,jsonl
8,5,38500,1.0,0.9995,jsonl
8,5,39000,1.0,0.9995,jsonl
8,5,39500,1.0,0.9995,jsonl
8,5,40000,1.0,0.9995,jsonl
8,5,40500,1.0,0.9995,jsonl
8,5,41000,1.0,0.9995,jsonl
8,5,41500,1.0,0.9995,jsonl
8,5,42000,1.0,0.9995,jsonl
8,5,42500,1.0,0.9995,jsonl
8,5,43000,1.0,0.9995,jsonl
8,5,43500,1.0,0.9995,jsonl
8,5,44000,1.0,0.9995,jsonl
8,5,44500,1.0,0.9995,jsonl
8,5,45000,1.0,0.9995,jsonl
8,5,45500,1.0,0.9995,jsonl
8,5,46000,1.0,0.9995,jsonl
8,5,46500,1.0,0.9995,jsonl
8,5,47000,1.0,0.9995,jsonl
8,5,47500,1.0,0.9995,jsonl
8,5,48000,1.0,0.9995,jsonl
8,5,48500,1.0,0.9995,jsonl
8,5,49000,1.0,0.9995,jsonl
8,5,49500,1.0,0.9995,jsonl
8,5,50000,1.0,0.9995,jsonl
8,5,50500,1.0,0.9995,jsonl
8,5,51000,1.0,0.9995,jsonl
8,5,51500,1.0,0.9995,jsonl
8,5,52000,1.0,0.9995,jsonl
8,5,52500,1.0,0.9995,jsonl
8,5,53000,1.0,0.9995,jsonl
8,5,53500,1.0,0.9995,jsonl
8,5,54000,1.0,0.9995,jsonl
8,5,54500,1.0,0.9995,jsonl
8,5,55000,1.0,0.9995,jsonl
8,5,55500,1.0,0.9995,jsonl
8,5,56000,1.0,0.9995,jsonl
8,5,56500,1.0,0.9995,jsonl
8,5,57000,1.0,0.9995,jsonl
8,5,57500,1.0,0.9995,jsonl
8,5,58000,1.0,0.9995,jsonl
8,5,58500,1.0,0.9995,jsonl
8,5,59000,1.0,0.9995,jsonl
8,5,59500,1.0,0.9995,jsonl
8,5,60000,1.0,0.9995,jsonl
8,5,60500,1.0,0.9995,jsonl
8,5,61000,1.0,0.9995,jsonl
8,5,61500,1.0,0.9995,jsonl
8,5,62000,1.0,0.9995,jsonl
8,5,62500,1.0,0.9995,jsonl
8,5,63000,1.0,0.9995,jsonl
8,5,63500,1.0,0.9995,jsonl
8,5,64000,1.0,0.9995,jsonl
8,5,64500,1.0,0.9995,jsonl
8,5,65000,1.0,0.9995,jsonl
8,5,65500,1.0,0.9995,jsonl
8,5,66000,1.0,0.9995,jsonl
8,5,66500,1.0,0.9995,jsonl
8,5,67000,1.0,0.9995,jsonl
8,5,67500,1.0,0.9995,jsonl
8,5,68000,1.0,0.9995,jsonl
8,5,68500,1.0,0.9995,jsonl
8,5,69000,1.0,0.9995,jsonl
8,5,69500,1.0,0.9995,jsonl
8,5,70000,1.0,0.9995,jsonl
8,5,70500,1.0,0.9995,jsonl
8,42,0,0.0,0.0,csv
8,42,250,,0.1155,csv
8,42,500,,0.105,csv
8,42,750,,0.1145,csv
8,42,1000,0.1174,0.1135,csv
8,42,1250,,0.114,csv
8,42,1500,,0.1235,csv
8,42,1750,,0.1155,csv
8,42,2000,0.1312,0.1195,csv
8,42,2250,,0.104,csv
8,42,2500,,0.1075,csv
8,42,2750,,0.107,csv
8,42,3000,0.1522,0.1075,csv
8,42,3250,,0.102,csv
8,42,3500,,0.102,csv
8,42,3750,,0.104,csv
8,42,4000,0.1995333333,0.105,csv
8,42,4250,,0.113,csv
8,42,4500,,0.103,csv
8,42,4750,,0.1025,csv
8,42,5000,0.1954666667,0.091,csv
8,42,5250,,0.104,csv
8,42,5500,,0.1105,csv
8,42,5750,,0.1165,csv
8,42,6000,0.3219333333,0.174,csv
8,42,6250,,0.5955,csv
8,42,6500,,0.8285,csv
8,42,6750,,0.809,csv
8,42,7000,0.9256666667,0.903,csv
8,42,7250,,0.969,csv
8,42,7500,,0.9125,csv
8,42,7750,,0.978,csv
8,42,8000,0.9822,0.977,csv
8,42,8250,,0.9745,csv
8,42,8500,,0.968,csv
8,42,8750,,0.9495,csv
8,42,9000,0.9955333333,0.992,csv
8,42,9250,,0.991,csv
8,42,9500,,0.931,csv
8,42,9750,,0.9925,csv
8,42,10000,0.9918,0.989,csv
8,42,10250,,0.992,csv
8,42,10500,,0.9775,csv
8,42,10750,,0.9845,csv
8,42,11000,0.9854666667,0.984,csv
8,42,11250,,0.997,csv
8,42,11500,,0.9745,csv
8,42,11750,,0.9635,csv
8,42,12000,0.9517333333,0.937,csv
8,42,12250,,0.999,csv
8,42,12500,,0.97,csv
8,42,12750,,0.98,csv
8,42,13000,0.9950666667,0.9895,csv
8,42,13250,,0.9945,csv
8,42,13500,,0.963,csv
8,42,13750,,0.965,csv
8,42,14000,0.9974,0.9955,csv
8,42,14250,,0.998,csv
8,42,14500,,0.9995,csv
8,42,14750,,0.898,csv
8,42,15000,0.994,0.9905,csv
8,42,15250,,0.997,csv
8,42,15500,,0.9985,csv
8,42,15750,,0.992,csv
8,42,16000,0.9997333333,0.9995,csv
8,42,16250,,0.999,csv
8,42,16500,,0.9995,csv
8,42,16750,,0.9995,csv
8,42,17000,1.0,0.9995,csv
8,42,17500,1.0,1.0,csv_fill
8,42,18000,1.0,1.0,csv_fill
8,42,18500,1.0,1.0,csv_fill
8,42,19000,1.0,1.0,csv_fill
8,42,19500,1.0,1.0,csv_fill
8,42,20000,1.0,1.0,csv_fill
8,42,20500,1.0,1.0,csv_fill
8,42,21000,1.0,1.0,csv_fill
8,42,21500,1.0,1.0,csv_fill
8,42,22000,1.0,1.0,csv_fill
8,42,22500,1.0,1.0,csv_fill
8,42,23000,1.0,1.0,csv_fill
8,42,23500,1.0,1.0,csv_fill
8,42,24000,1.0,1.0,csv_fill
8,42,24500,1.0,1.0,csv_fill
8,42,25000,1.0,1.0,csv_fill
8,42,25500,1.0,1.0,csv_fill
8,42,26000,1.0,1.0,csv_fill
8,42,26500,1.0,1.0,csv_fill
8,42,27000,1.0,1.0,csv_fill
8,42,27500,1.0,1.0,csv_fill
8,42,28000,1.0,1.0,csv_fill
8,42,28500,1.0,1.0,csv_fill
8,42,29000,1.0,1.0,csv_fill
8,42,29500,1.0,1.0,csv_fill
8,42,30000,1.0,1.0,csv_fill
8,42,30500,1.0,1.0,csv_fill
8,42,31000,1.0,1.0,csv_fill
8,42,31500,1.0,1.0,csv_fill
8,42,32000,1.0,1.0,csv_fill
8,42,32500,1.0,1.0,csv_fill
8,42,33000,1.0,1.0,csv_fill
8,42,33500,1.0,1.0,csv_fill
8,42,34000,1.0,1.0,csv_fill
8,42,34500,1.0,1.0,csv_fill
8,42,35000,1.0,1.0,csv_fill
8,42,35500,1.0,1.0,csv_fill
8,42,36000,1.0,1.0,csv_fill
8,42,36500,1.0,1.0,csv_fill
8,42,37000,1.0,1.0,csv_fill
8,42,37500,1.0,1.0,csv_fill
8,42,38000,1.0,1.0,csv_fill
8,42,38500,1.0,1.0,csv_fill
8,42,39000,1.0,1.0,csv_fill
8,42,39500,1.0,1.0,csv_fill
8,42,40000,1.0,1.0,csv_fill
8,42,40500,1.0,1.0,csv_fill
8,42,41000,1.0,1.0,csv_fill
8,42,41500,1.0,1.0,csv_fill
8,42,42000,1.0,1.0,csv_fill
8,42,42500,1.0,1.0,csv_fill
8,42,43000,1.0,1.0,csv_fill
8,42,43500,1.0,1.0,csv_fill
8,42,44000,1.0,1.0,csv_fill
8,42,44500,1.0,1.0,csv_fill
8,42,45000,1.0,1.0,csv_fill
8,42,45500,1.0,1.0,csv_fill
8,42,46000,1.0,1.0,csv_fill
8,42,46500,1.0,1.0,csv_fill
8,42,47000,1.0,1.0,csv_fill
8,42,47500,1.0,1.0,csv_fill
8,42,48000,1.0,1.0,csv_fill
8,42,48500,1.0,1.0,csv_fill
8,42,49000,1.0,1.0,csv_fill
8,42,49500,1.0,1.0,csv_fill
8,42,50000,1.0,1.0,csv_fill
8,42,50500,1.0,1.0,csv_fill
8,42,51000,1.0,1.0,csv_fill
8,42,51500,1.0,1.0,csv_fill
8,42,52000,1.0,1.0,csv_fill
8,42,52500,1.0,1.0,csv_fill
8,42,53000,1.0,1.0,csv_fill
8,42,53500,1.0,1.0,csv_fill
8,42,54000,1.0,1.0,csv_fill
8,42,54500,1.0,1.0,csv_fill
8,42,55000,1.0,1.0,csv_fill
8,42,55500,1.0,1.0,csv_fill
8,42,56000,1.0,1.0,csv_fill
8,42,56500,1.0,1.0,csv_fill
8,42,57000,1.0,1.0,csv_fill
8,42,57500,1.0,1.0,csv_fill
8,42,58000,1.0,1.0,csv_fill
8,42,58500,1.0,1.0,csv_fill
8,42,59000,1.0,1.0,csv_fill
8,42,59500,1.0,1.0,csv_fill
8,42,60000,1.0,1.0,csv_fill
8,42,60500,1.0,1.0,csv_fill
8,42,61000,1.0,1.0,csv_fill
8,42,61500,1.0,1.0,csv_fill
8,42,62000,1.0,1.0,csv_fill
8,42,62500,1.0,1.0,csv_fill
8,42,63000,1.0,1.0,csv_fill
8,42,63500,1.0,1.0,csv_fill
8,42,64000,1.0,1.0,csv_fill
8,42,64500,1.0,1.0,csv_fill
8,42,65000,1.0,1.0,csv_fill
8,42,65500,1.0,1.0,csv_fill
8,42,66000,1.0,1.0,csv_fill
8,42,66500,1.0,1.0,csv_fill
8,42,67000,1.0,1.0,csv_fill
8,42,67500,1.0,1.0,csv_fill
8,42,68000,1.0,1.0,csv_fill
8,42,68500,1.0,1.0,csv_fill
8,42,69000,1.0,1.0,csv_fill
8,42,69500,1.0,1.0,csv_fill
8,42,70000,1.0,1.0,csv_fill
8,42,70500,1.0,1.0,csv_fill
